idRandomization,numberOfNodes,benchmark,bytesPerBlock,replicationLevel,bytesPerRank,blocksPerPermutationRange,promilleOfRanksThatFail,iterations,real_time,cpu_time,time_unit
TRUE,128,submitBlocks,64,1,16777216,4096,10,1,338.074,32732.7,ms
TRUE,128,submitBlocks,64,1,16777216,4096,10,1,342.452,388.835,ms
TRUE,128,submitBlocks,64,1,16777216,4096,10,1,325.821,386.535,ms
TRUE,128,submitBlocks,64,1,16777216,4096,10,1,307.331,350.464,ms
TRUE,128,submitBlocks,64,1,16777216,4096,10,1,288.466,335.432,ms
TRUE,128,submitBlocks,64,1,16777216,4096,10,1,460.25,510.236,ms
TRUE,128,submitBlocks,64,1,16777216,4096,10,1,333.699,378.614,ms
TRUE,128,submitBlocks,64,1,16777216,4096,10,1,319.362,366.249,ms
TRUE,128,submitBlocks,64,1,16777216,4096,10,1,335.818,383.365,ms
TRUE,128,submitBlocks,64,1,16777216,4096,10,1,326,374.201,ms
TRUE,128,pullBlocksSingleRank,64,1,16777216,4096,10,1,1.62322,3.35917,ms
TRUE,128,pullBlocksSingleRank,64,1,16777216,4096,10,1,0.996267,1.81806,ms
TRUE,128,pullBlocksSingleRank,64,1,16777216,4096,10,1,1.76688,2.81964,ms
TRUE,128,pullBlocksSingleRank,64,1,16777216,4096,10,1,0.777828,5.58488,ms
TRUE,128,pullBlocksSingleRank,64,1,16777216,4096,10,1,0.870793,1.77565,ms
TRUE,128,pullBlocksSingleRank,64,1,16777216,4096,10,1,0.805375,1.58144,ms
TRUE,128,pullBlocksSingleRank,64,1,16777216,4096,10,1,0.729265,1.4785,ms
TRUE,128,pullBlocksSingleRank,64,1,16777216,4096,10,1,0.881822,1.40875,ms
TRUE,128,pullBlocksSingleRank,64,1,16777216,4096,10,1,1.78447,2.99304,ms
TRUE,128,pullBlocksSingleRank,64,1,16777216,4096,10,1,1.84927,2.88329,ms
TRUE,128,pullBlocksSingleRankToSingleRank,64,1,16777216,4096,10,1,25.1032,60.2621,ms
TRUE,128,pullBlocksSingleRankToSingleRank,64,1,16777216,4096,10,1,47.9716,54.5924,ms
TRUE,128,pullBlocksSingleRankToSingleRank,64,1,16777216,4096,10,1,17.1333,55.1679,ms
TRUE,128,pullBlocksSingleRankToSingleRank,64,1,16777216,4096,10,1,15.3627,47.6526,ms
TRUE,128,pullBlocksSingleRankToSingleRank,64,1,16777216,4096,10,1,18.5251,55.1011,ms
TRUE,128,pullBlocksSingleRankToSingleRank,64,1,16777216,4096,10,1,16.7413,53.6536,ms
TRUE,128,pullBlocksSingleRankToSingleRank,64,1,16777216,4096,10,1,16.0674,47.6386,ms
TRUE,128,pullBlocksSingleRankToSingleRank,64,1,16777216,4096,10,1,16.24,57.4824,ms
TRUE,128,pullBlocksSingleRankToSingleRank,64,1,16777216,4096,10,1,16.3055,45.5739,ms
TRUE,128,pullBlocksSingleRankToSingleRank,64,1,16777216,4096,10,1,17.9636,55.8766,ms
TRUE,16,submitBlocks,64,1,16777216,4096,10,1,200.379,3835.1,ms
TRUE,16,submitBlocks,64,1,16777216,4096,10,1,185.043,214.695,ms
TRUE,16,submitBlocks,64,1,16777216,4096,10,1,178.981,204.413,ms
TRUE,16,submitBlocks,64,1,16777216,4096,10,1,178.183,204.747,ms
TRUE,16,submitBlocks,64,1,16777216,4096,10,1,177.787,216.391,ms
TRUE,16,submitBlocks,64,1,16777216,4096,10,1,177.201,215.63,ms
TRUE,16,submitBlocks,64,1,16777216,4096,10,1,188.212,227.113,ms
TRUE,16,submitBlocks,64,1,16777216,4096,10,1,188.345,228.831,ms
TRUE,16,submitBlocks,64,1,16777216,4096,10,1,179.158,239.09,ms
TRUE,16,submitBlocks,64,1,16777216,4096,10,1,180.464,240.117,ms
TRUE,16,pullBlocksSingleRank,64,1,16777216,4096,10,1,1.40136,2.68985,ms
TRUE,16,pullBlocksSingleRank,64,1,16777216,4096,10,1,0.70149,2.57788,ms
TRUE,16,pullBlocksSingleRank,64,1,16777216,4096,10,1,0.509084,2.25649,ms
TRUE,16,pullBlocksSingleRank,64,1,16777216,4096,10,1,0.512909,2.45152,ms
TRUE,16,pullBlocksSingleRank,64,1,16777216,4096,10,1,0.495328,2.15782,ms
TRUE,16,pullBlocksSingleRank,64,1,16777216,4096,10,1,0.497208,2.64536,ms
TRUE,16,pullBlocksSingleRank,64,1,16777216,4096,10,1,0.502249,2.57825,ms
TRUE,16,pullBlocksSingleRank,64,1,16777216,4096,10,1,0.72745,2.82071,ms
TRUE,16,pullBlocksSingleRank,64,1,16777216,4096,10,1,0.63675,2.20484,ms
TRUE,16,pullBlocksSingleRank,64,1,16777216,4096,10,1,0.58396,2.05228,ms
TRUE,16,pullBlocksSingleRankToSingleRank,64,1,16777216,4096,10,1,22.9948,26.3076,ms
TRUE,16,pullBlocksSingleRankToSingleRank,64,1,16777216,4096,10,1,16.9614,21.364,ms
TRUE,16,pullBlocksSingleRankToSingleRank,64,1,16777216,4096,10,1,14.4631,19.5846,ms
TRUE,16,pullBlocksSingleRankToSingleRank,64,1,16777216,4096,10,1,15.4306,21.2341,ms
TRUE,16,pullBlocksSingleRankToSingleRank,64,1,16777216,4096,10,1,17.8559,22.9167,ms
TRUE,16,pullBlocksSingleRankToSingleRank,64,1,16777216,4096,10,1,14.7128,19.9306,ms
TRUE,16,pullBlocksSingleRankToSingleRank,64,1,16777216,4096,10,1,16.8296,21.5873,ms
TRUE,16,pullBlocksSingleRankToSingleRank,64,1,16777216,4096,10,1,14.7557,20.8713,ms
TRUE,16,pullBlocksSingleRankToSingleRank,64,1,16777216,4096,10,1,15.4925,20.376,ms
TRUE,16,pullBlocksSingleRankToSingleRank,64,1,16777216,4096,10,1,15.706,20.4906,ms
TRUE,1,submitBlocks,64,1,16777216,4096,10,1,128.843,221.574,ms
TRUE,1,submitBlocks,64,1,16777216,4096,10,1,110.941,114.467,ms
TRUE,1,submitBlocks,64,1,16777216,4096,10,1,105.072,108.809,ms
TRUE,1,submitBlocks,64,1,16777216,4096,10,1,105.184,107.884,ms
TRUE,1,submitBlocks,64,1,16777216,4096,10,1,105.078,108.612,ms
TRUE,1,submitBlocks,64,1,16777216,4096,10,1,105.332,107.893,ms
TRUE,1,submitBlocks,64,1,16777216,4096,10,1,105.113,108.517,ms
TRUE,1,submitBlocks,64,1,16777216,4096,10,1,105.079,108.927,ms
TRUE,1,submitBlocks,64,1,16777216,4096,10,1,105.661,109.647,ms
TRUE,1,submitBlocks,64,1,16777216,4096,10,1,106.58,109.166,ms
TRUE,1,pullBlocksSingleRank,64,1,16777216,4096,10,1,1.62205,2.6369,ms
TRUE,1,pullBlocksSingleRank,64,1,16777216,4096,10,1,0.923589,1.34422,ms
TRUE,1,pullBlocksSingleRank,64,1,16777216,4096,10,1,0.913703,1.81445,ms
TRUE,1,pullBlocksSingleRank,64,1,16777216,4096,10,1,0.88465,1.67131,ms
TRUE,1,pullBlocksSingleRank,64,1,16777216,4096,10,1,0.901652,1.75305,ms
TRUE,1,pullBlocksSingleRank,64,1,16777216,4096,10,1,0.931148,1.96447,ms
TRUE,1,pullBlocksSingleRank,64,1,16777216,4096,10,1,0.918183,1.79128,ms
TRUE,1,pullBlocksSingleRank,64,1,16777216,4096,10,1,0.911858,2.00544,ms
TRUE,1,pullBlocksSingleRank,64,1,16777216,4096,10,1,0.92998,2.13503,ms
TRUE,1,pullBlocksSingleRank,64,1,16777216,4096,10,1,0.913908,1.9778,ms
TRUE,1,pullBlocksSingleRankToSingleRank,64,1,16777216,4096,10,1,22.966,29.5778,ms
TRUE,1,pullBlocksSingleRankToSingleRank,64,1,16777216,4096,10,1,14.0901,21.6919,ms
TRUE,1,pullBlocksSingleRankToSingleRank,64,1,16777216,4096,10,1,14.0505,21.4626,ms
TRUE,1,pullBlocksSingleRankToSingleRank,64,1,16777216,4096,10,1,14.077,19.8665,ms
TRUE,1,pullBlocksSingleRankToSingleRank,64,1,16777216,4096,10,1,14.0963,19.9657,ms
TRUE,1,pullBlocksSingleRankToSingleRank,64,1,16777216,4096,10,1,14.0002,19.7563,ms
TRUE,1,pullBlocksSingleRankToSingleRank,64,1,16777216,4096,10,1,15.045,20.827,ms
TRUE,1,pullBlocksSingleRankToSingleRank,64,1,16777216,4096,10,1,14.0778,19.9982,ms
TRUE,1,pullBlocksSingleRankToSingleRank,64,1,16777216,4096,10,1,14.8366,20.7935,ms
TRUE,1,pullBlocksSingleRankToSingleRank,64,1,16777216,4096,10,1,14.0366,19.8565,ms
TRUE,256,submitBlocks,64,1,16777216,4096,10,1,561.201,67526.8,ms
TRUE,256,submitBlocks,64,1,16777216,4096,10,1,462.398,526.869,ms
TRUE,256,submitBlocks,64,1,16777216,4096,10,1,417.774,443.052,ms
TRUE,256,submitBlocks,64,1,16777216,4096,10,1,396.748,443.018,ms
TRUE,256,submitBlocks,64,1,16777216,4096,10,1,397.49,446.855,ms
TRUE,256,submitBlocks,64,1,16777216,4096,10,1,379.989,416.179,ms
TRUE,256,submitBlocks,64,1,16777216,4096,10,1,394.362,441.929,ms
TRUE,256,submitBlocks,64,1,16777216,4096,10,1,564.563,591.384,ms
TRUE,256,submitBlocks,64,1,16777216,4096,10,1,684.33,708.586,ms
TRUE,256,submitBlocks,64,1,16777216,4096,10,1,445.197,469.672,ms
TRUE,256,pullBlocksSingleRank,64,1,16777216,4096,10,1,1.88476,3.24208,ms
TRUE,256,pullBlocksSingleRank,64,1,16777216,4096,10,1,1.23111,2.67595,ms
TRUE,256,pullBlocksSingleRank,64,1,16777216,4096,10,1,1.10719,2.09387,ms
TRUE,256,pullBlocksSingleRank,64,1,16777216,4096,10,1,1.1104,2.05313,ms
TRUE,256,pullBlocksSingleRank,64,1,16777216,4096,10,1,1.1056,2.168,ms
TRUE,256,pullBlocksSingleRank,64,1,16777216,4096,10,1,1.09808,2.21885,ms
TRUE,256,pullBlocksSingleRank,64,1,16777216,4096,10,1,8.76733,10.837,ms
TRUE,256,pullBlocksSingleRank,64,1,16777216,4096,10,1,1.44465,7.30512,ms
TRUE,256,pullBlocksSingleRank,64,1,16777216,4096,10,1,1.09575,2.24271,ms
TRUE,256,pullBlocksSingleRank,64,1,16777216,4096,10,1,8.68963,9.52059,ms
TRUE,256,pullBlocksSingleRankToSingleRank,64,1,16777216,4096,10,1,66.0022,77.6696,ms
TRUE,256,pullBlocksSingleRankToSingleRank,64,1,16777216,4096,10,1,218.549,228.125,ms
TRUE,256,pullBlocksSingleRankToSingleRank,64,1,16777216,4096,10,1,46.047,53.5289,ms
TRUE,256,pullBlocksSingleRankToSingleRank,64,1,16777216,4096,10,1,45.7609,53.0139,ms
TRUE,256,pullBlocksSingleRankToSingleRank,64,1,16777216,4096,10,1,222.613,230.315,ms
TRUE,256,pullBlocksSingleRankToSingleRank,64,1,16777216,4096,10,1,225.018,232.157,ms
TRUE,256,pullBlocksSingleRankToSingleRank,64,1,16777216,4096,10,1,166.985,173.99,ms
TRUE,256,pullBlocksSingleRankToSingleRank,64,1,16777216,4096,10,1,63.4566,72.0278,ms
TRUE,256,pullBlocksSingleRankToSingleRank,64,1,16777216,4096,10,1,38.6895,46.2916,ms
TRUE,256,pullBlocksSingleRankToSingleRank,64,1,16777216,4096,10,1,222.656,234.786,ms
TRUE,2,submitBlocks,64,1,16777216,4096,10,1,154.427,496.029,ms
TRUE,2,submitBlocks,64,1,16777216,4096,10,1,152.57,199.361,ms
TRUE,2,submitBlocks,64,1,16777216,4096,10,1,127.368,150.094,ms
TRUE,2,submitBlocks,64,1,16777216,4096,10,1,127.832,149.592,ms
TRUE,2,submitBlocks,64,1,16777216,4096,10,1,128.038,150.893,ms
TRUE,2,submitBlocks,64,1,16777216,4096,10,1,128.427,150.644,ms
TRUE,2,submitBlocks,64,1,16777216,4096,10,1,127.607,149.597,ms
TRUE,2,submitBlocks,64,1,16777216,4096,10,1,128.243,152.381,ms
TRUE,2,submitBlocks,64,1,16777216,4096,10,1,127.95,150.771,ms
TRUE,2,submitBlocks,64,1,16777216,4096,10,1,127.831,150.201,ms
TRUE,2,pullBlocksSingleRank,64,1,16777216,4096,10,1,2.8754,4.84698,ms
TRUE,2,pullBlocksSingleRank,64,1,16777216,4096,10,1,2.62296,3.80726,ms
TRUE,2,pullBlocksSingleRank,64,1,16777216,4096,10,1,2.77444,4.89868,ms
TRUE,2,pullBlocksSingleRank,64,1,16777216,4096,10,1,1.87657,4.00071,ms
TRUE,2,pullBlocksSingleRank,64,1,16777216,4096,10,1,2.25966,4.2979,ms
TRUE,2,pullBlocksSingleRank,64,1,16777216,4096,10,1,2.41392,4.15068,ms
TRUE,2,pullBlocksSingleRank,64,1,16777216,4096,10,1,2.7804,3.78118,ms
TRUE,2,pullBlocksSingleRank,64,1,16777216,4096,10,1,2.65916,4.0702,ms
TRUE,2,pullBlocksSingleRank,64,1,16777216,4096,10,1,2.57098,3.65265,ms
TRUE,2,pullBlocksSingleRank,64,1,16777216,4096,10,1,2.34349,3.55031,ms
TRUE,2,pullBlocksSingleRankToSingleRank,64,1,16777216,4096,10,1,13.5103,18.7137,ms
TRUE,2,pullBlocksSingleRankToSingleRank,64,1,16777216,4096,10,1,13.5408,17.7371,ms
TRUE,2,pullBlocksSingleRankToSingleRank,64,1,16777216,4096,10,1,14.059,19.6928,ms
TRUE,2,pullBlocksSingleRankToSingleRank,64,1,16777216,4096,10,1,15.4298,20.116,ms
TRUE,2,pullBlocksSingleRankToSingleRank,64,1,16777216,4096,10,1,14.4388,19.3337,ms
TRUE,2,pullBlocksSingleRankToSingleRank,64,1,16777216,4096,10,1,13.4591,18.3499,ms
TRUE,2,pullBlocksSingleRankToSingleRank,64,1,16777216,4096,10,1,15.0194,20.2378,ms
TRUE,2,pullBlocksSingleRankToSingleRank,64,1,16777216,4096,10,1,13.3851,18.3181,ms
TRUE,2,pullBlocksSingleRankToSingleRank,64,1,16777216,4096,10,1,13.5143,18.9777,ms
TRUE,2,pullBlocksSingleRankToSingleRank,64,1,16777216,4096,10,1,13.4109,18.7584,ms
TRUE,32,submitBlocks,64,1,16777216,4096,10,1,225.827,11891.7,ms
TRUE,32,submitBlocks,64,1,16777216,4096,10,1,231.115,281.928,ms
TRUE,32,submitBlocks,64,1,16777216,4096,10,1,216.207,266.826,ms
TRUE,32,submitBlocks,64,1,16777216,4096,10,1,217.636,266.499,ms
TRUE,32,submitBlocks,64,1,16777216,4096,10,1,218.32,267.739,ms
TRUE,32,submitBlocks,64,1,16777216,4096,10,1,206.101,256.215,ms
TRUE,32,submitBlocks,64,1,16777216,4096,10,1,206.509,245.962,ms
TRUE,32,submitBlocks,64,1,16777216,4096,10,1,207.043,256.432,ms
TRUE,32,submitBlocks,64,1,16777216,4096,10,1,205.515,242.484,ms
TRUE,32,submitBlocks,64,1,16777216,4096,10,1,217.505,258.395,ms
TRUE,32,pullBlocksSingleRank,64,1,16777216,4096,10,1,1.33061,2.39631,ms
TRUE,32,pullBlocksSingleRank,64,1,16777216,4096,10,1,0.877873,2.12329,ms
TRUE,32,pullBlocksSingleRank,64,1,16777216,4096,10,1,0.827052,1.89139,ms
TRUE,32,pullBlocksSingleRank,64,1,16777216,4096,10,1,0.80888,2.27119,ms
TRUE,32,pullBlocksSingleRank,64,1,16777216,4096,10,1,0.623927,1.74184,ms
TRUE,32,pullBlocksSingleRank,64,1,16777216,4096,10,1,0.810263,1.75084,ms
TRUE,32,pullBlocksSingleRank,64,1,16777216,4096,10,1,0.806212,2.0179,ms
TRUE,32,pullBlocksSingleRank,64,1,16777216,4096,10,1,0.825913,1.75486,ms
TRUE,32,pullBlocksSingleRank,64,1,16777216,4096,10,1,0.825232,2.00927,ms
TRUE,32,pullBlocksSingleRank,64,1,16777216,4096,10,1,0.816247,2.1262,ms
TRUE,32,pullBlocksSingleRankToSingleRank,64,1,16777216,4096,10,1,22.854,31.4769,ms
TRUE,32,pullBlocksSingleRankToSingleRank,64,1,16777216,4096,10,1,14.4199,24.208,ms
TRUE,32,pullBlocksSingleRankToSingleRank,64,1,16777216,4096,10,1,14.1286,24.1416,ms
TRUE,32,pullBlocksSingleRankToSingleRank,64,1,16777216,4096,10,1,14.5143,24.4444,ms
TRUE,32,pullBlocksSingleRankToSingleRank,64,1,16777216,4096,10,1,14.3634,24.9715,ms
TRUE,32,pullBlocksSingleRankToSingleRank,64,1,16777216,4096,10,1,14.413,24.5435,ms
TRUE,32,pullBlocksSingleRankToSingleRank,64,1,16777216,4096,10,1,16.2087,26.7116,ms
TRUE,32,pullBlocksSingleRankToSingleRank,64,1,16777216,4096,10,1,14.545,25.1822,ms
TRUE,32,pullBlocksSingleRankToSingleRank,64,1,16777216,4096,10,1,14.4357,24.7956,ms
TRUE,32,pullBlocksSingleRankToSingleRank,64,1,16777216,4096,10,1,14.7705,25.3426,ms
TRUE,4,submitBlocks,64,1,16777216,4096,10,1,174.476,10530.5,ms
TRUE,4,submitBlocks,64,1,16777216,4096,10,1,176.211,225.187,ms
TRUE,4,submitBlocks,64,1,16777216,4096,10,1,150.136,162.406,ms
TRUE,4,submitBlocks,64,1,16777216,4096,10,1,150.215,161.327,ms
TRUE,4,submitBlocks,64,1,16777216,4096,10,1,150.494,163.114,ms
TRUE,4,submitBlocks,64,1,16777216,4096,10,1,151.027,163.391,ms
TRUE,4,submitBlocks,64,1,16777216,4096,10,1,151.478,162.944,ms
TRUE,4,submitBlocks,64,1,16777216,4096,10,1,151.67,164.674,ms
TRUE,4,submitBlocks,64,1,16777216,4096,10,1,150.652,161.637,ms
TRUE,4,submitBlocks,64,1,16777216,4096,10,1,151.476,163.093,ms
TRUE,4,pullBlocksSingleRank,64,1,16777216,4096,10,1,4.54211,4.72559,ms
TRUE,4,pullBlocksSingleRank,64,1,16777216,4096,10,1,4.09185,5.30072,ms
TRUE,4,pullBlocksSingleRank,64,1,16777216,4096,10,1,4.04241,4.19034,ms
TRUE,4,pullBlocksSingleRank,64,1,16777216,4096,10,1,4.0586,4.55251,ms
TRUE,4,pullBlocksSingleRank,64,1,16777216,4096,10,1,4.08433,4.59217,ms
TRUE,4,pullBlocksSingleRank,64,1,16777216,4096,10,1,4.06049,4.75878,ms
TRUE,4,pullBlocksSingleRank,64,1,16777216,4096,10,1,4.22568,4.32484,ms
TRUE,4,pullBlocksSingleRank,64,1,16777216,4096,10,1,4.01711,4.60275,ms
TRUE,4,pullBlocksSingleRank,64,1,16777216,4096,10,1,4.47934,4.75114,ms
TRUE,4,pullBlocksSingleRank,64,1,16777216,4096,10,1,4.07337,4.89047,ms
TRUE,4,pullBlocksSingleRankToSingleRank,64,1,16777216,4096,10,1,22.2891,24.0391,ms
TRUE,4,pullBlocksSingleRankToSingleRank,64,1,16777216,4096,10,1,13.9309,25.2139,ms
TRUE,4,pullBlocksSingleRankToSingleRank,64,1,16777216,4096,10,1,13.9058,16.5669,ms
TRUE,4,pullBlocksSingleRankToSingleRank,64,1,16777216,4096,10,1,13.3579,24.7263,ms
TRUE,4,pullBlocksSingleRankToSingleRank,64,1,16777216,4096,10,1,15.406,18.1126,ms
TRUE,4,pullBlocksSingleRankToSingleRank,64,1,16777216,4096,10,1,14.0955,25.6031,ms
TRUE,4,pullBlocksSingleRankToSingleRank,64,1,16777216,4096,10,1,15.5481,18.1448,ms
TRUE,4,pullBlocksSingleRankToSingleRank,64,1,16777216,4096,10,1,13.9816,24.8447,ms
TRUE,4,pullBlocksSingleRankToSingleRank,64,1,16777216,4096,10,1,13.7743,16.5395,ms
TRUE,4,pullBlocksSingleRankToSingleRank,64,1,16777216,4096,10,1,13.6253,25.1004,ms
TRUE,512,submitBlocks,64,1,16777216,4096,10,1,544.887,136583,ms
TRUE,512,submitBlocks,64,1,16777216,4096,10,1,520.928,567.249,ms
TRUE,512,submitBlocks,64,1,16777216,4096,10,1,563.693,591.051,ms
TRUE,512,submitBlocks,64,1,16777216,4096,10,1,706.97,759.425,ms
TRUE,512,submitBlocks,64,1,16777216,4096,10,1,688.101,721.073,ms
TRUE,512,submitBlocks,64,1,16777216,4096,10,1,567.741,593.009,ms
TRUE,512,submitBlocks,64,1,16777216,4096,10,1,875.05,920.443,ms
TRUE,512,submitBlocks,64,1,16777216,4096,10,1,536.247,560.882,ms
TRUE,512,submitBlocks,64,1,16777216,4096,10,1,542.648,588.651,ms
TRUE,512,submitBlocks,64,1,16777216,4096,10,1,558.055,586.018,ms
TRUE,512,pullBlocksSingleRank,64,1,16777216,4096,10,1,3.9247,4.88788,ms
TRUE,512,pullBlocksSingleRank,64,1,16777216,4096,10,1,3.97953,7.20362,ms
TRUE,512,pullBlocksSingleRank,64,1,16777216,4096,10,1,1.84966,2.453,ms
TRUE,512,pullBlocksSingleRank,64,1,16777216,4096,10,1,1.87162,6.61522,ms
TRUE,512,pullBlocksSingleRank,64,1,16777216,4096,10,1,1.84184,2.75588,ms
TRUE,512,pullBlocksSingleRank,64,1,16777216,4096,10,1,2.86334,9.14127,ms
TRUE,512,pullBlocksSingleRank,64,1,16777216,4096,10,1,1.84874,2.65545,ms
TRUE,512,pullBlocksSingleRank,64,1,16777216,4096,10,1,4.346,10.3367,ms
TRUE,512,pullBlocksSingleRank,64,1,16777216,4096,10,1,3.6465,5.55859,ms
TRUE,512,pullBlocksSingleRank,64,1,16777216,4096,10,1,4.18941,8.4504,ms
TRUE,512,pullBlocksSingleRankToSingleRank,64,1,16777216,4096,10,1,34.9942,49.2649,ms
TRUE,512,pullBlocksSingleRankToSingleRank,64,1,16777216,4096,10,1,21.6213,34.6434,ms
TRUE,512,pullBlocksSingleRankToSingleRank,64,1,16777216,4096,10,1,22.5913,35.9848,ms
TRUE,512,pullBlocksSingleRankToSingleRank,64,1,16777216,4096,10,1,21.3375,30.3121,ms
TRUE,512,pullBlocksSingleRankToSingleRank,64,1,16777216,4096,10,1,22.5307,37.3515,ms
TRUE,512,pullBlocksSingleRankToSingleRank,64,1,16777216,4096,10,1,23.5573,32.8228,ms
TRUE,512,pullBlocksSingleRankToSingleRank,64,1,16777216,4096,10,1,22.4089,31.4952,ms
TRUE,512,pullBlocksSingleRankToSingleRank,64,1,16777216,4096,10,1,23.5873,35.9868,ms
TRUE,512,pullBlocksSingleRankToSingleRank,64,1,16777216,4096,10,1,22.652,41.9278,ms
TRUE,512,pullBlocksSingleRankToSingleRank,64,1,16777216,4096,10,1,23.6247,31.6781,ms
TRUE,64,submitBlocks,64,1,16777216,4096,10,1,273.782,16441.4,ms
TRUE,64,submitBlocks,64,1,16777216,4096,10,1,257.91,291.832,ms
TRUE,64,submitBlocks,64,1,16777216,4096,10,1,255.768,295.79,ms
TRUE,64,submitBlocks,64,1,16777216,4096,10,1,253.483,295.585,ms
TRUE,64,submitBlocks,64,1,16777216,4096,10,1,251.752,293.192,ms
TRUE,64,submitBlocks,64,1,16777216,4096,10,1,254.831,294.979,ms
TRUE,64,submitBlocks,64,1,16777216,4096,10,1,252.686,295.687,ms
TRUE,64,submitBlocks,64,1,16777216,4096,10,1,258.356,297.906,ms
TRUE,64,submitBlocks,64,1,16777216,4096,10,1,253.796,296.182,ms
TRUE,64,submitBlocks,64,1,16777216,4096,10,1,257.362,298.586,ms
TRUE,64,pullBlocksSingleRank,64,1,16777216,4096,10,1,1.24592,2.52811,ms
TRUE,64,pullBlocksSingleRank,64,1,16777216,4096,10,1,0.978038,7.4365,ms
TRUE,64,pullBlocksSingleRank,64,1,16777216,4096,10,1,0.782948,4.11017,ms
TRUE,64,pullBlocksSingleRank,64,1,16777216,4096,10,1,1.22318,4.11888,ms
TRUE,64,pullBlocksSingleRank,64,1,16777216,4096,10,1,1.21454,5.49852,ms
TRUE,64,pullBlocksSingleRank,64,1,16777216,4096,10,1,2.0887,6.47348,ms
TRUE,64,pullBlocksSingleRank,64,1,16777216,4096,10,1,1.81343,7.49808,ms
TRUE,64,pullBlocksSingleRank,64,1,16777216,4096,10,1,1.60068,6.89236,ms
TRUE,64,pullBlocksSingleRank,64,1,16777216,4096,10,1,1.43707,6.93617,ms
TRUE,64,pullBlocksSingleRank,64,1,16777216,4096,10,1,0.735692,7.38853,ms
TRUE,64,pullBlocksSingleRankToSingleRank,64,1,16777216,4096,10,1,24.3706,44.6001,ms
TRUE,64,pullBlocksSingleRankToSingleRank,64,1,16777216,4096,10,1,19.2062,42.3044,ms
TRUE,64,pullBlocksSingleRankToSingleRank,64,1,16777216,4096,10,1,20.8291,40.1875,ms
TRUE,64,pullBlocksSingleRankToSingleRank,64,1,16777216,4096,10,1,16.5768,36.1472,ms
TRUE,64,pullBlocksSingleRankToSingleRank,64,1,16777216,4096,10,1,19.2481,38.4762,ms
TRUE,64,pullBlocksSingleRankToSingleRank,64,1,16777216,4096,10,1,18.3968,37.8932,ms
TRUE,64,pullBlocksSingleRankToSingleRank,64,1,16777216,4096,10,1,18.3175,37.3364,ms
TRUE,64,pullBlocksSingleRankToSingleRank,64,1,16777216,4096,10,1,23.9185,42.8627,ms
TRUE,64,pullBlocksSingleRankToSingleRank,64,1,16777216,4096,10,1,37.8906,62.4631,ms
TRUE,64,pullBlocksSingleRankToSingleRank,64,1,16777216,4096,10,1,79.9753,103.977,ms
TRUE,8,submitBlocks,64,1,16777216,4096,10,1,164.613,12008.5,ms
TRUE,8,submitBlocks,64,1,16777216,4096,10,1,171.735,195.874,ms
TRUE,8,submitBlocks,64,1,16777216,4096,10,1,160.788,183.294,ms
TRUE,8,submitBlocks,64,1,16777216,4096,10,1,160.767,184.25,ms
TRUE,8,submitBlocks,64,1,16777216,4096,10,1,161.203,184.217,ms
TRUE,8,submitBlocks,64,1,16777216,4096,10,1,160.891,182.793,ms
TRUE,8,submitBlocks,64,1,16777216,4096,10,1,160.372,182.342,ms
TRUE,8,submitBlocks,64,1,16777216,4096,10,1,161.669,185.483,ms
TRUE,8,submitBlocks,64,1,16777216,4096,10,1,160.989,183.423,ms
TRUE,8,submitBlocks,64,1,16777216,4096,10,1,161.464,182.94,ms
TRUE,8,pullBlocksSingleRank,64,1,16777216,4096,10,1,1.06465,1.12276,ms
TRUE,8,pullBlocksSingleRank,64,1,16777216,4096,10,1,0.676806,1.1906,ms
TRUE,8,pullBlocksSingleRank,64,1,16777216,4096,10,1,0.666364,1.57917,ms
TRUE,8,pullBlocksSingleRank,64,1,16777216,4096,10,1,0.658587,1.56241,ms
TRUE,8,pullBlocksSingleRank,64,1,16777216,4096,10,1,0.663559,1.51586,ms
TRUE,8,pullBlocksSingleRank,64,1,16777216,4096,10,1,0.658006,1.13169,ms
TRUE,8,pullBlocksSingleRank,64,1,16777216,4096,10,1,0.621607,0.920689,ms
TRUE,8,pullBlocksSingleRank,64,1,16777216,4096,10,1,0.632601,0.999515,ms
TRUE,8,pullBlocksSingleRank,64,1,16777216,4096,10,1,0.602034,0.977909,ms
TRUE,8,pullBlocksSingleRank,64,1,16777216,4096,10,1,0.647091,1.10686,ms
TRUE,8,pullBlocksSingleRankToSingleRank,64,1,16777216,4096,10,1,22.3222,31.1169,ms
TRUE,8,pullBlocksSingleRankToSingleRank,64,1,16777216,4096,10,1,13.8285,22.8308,ms
TRUE,8,pullBlocksSingleRankToSingleRank,64,1,16777216,4096,10,1,14.315,23.3888,ms
TRUE,8,pullBlocksSingleRankToSingleRank,64,1,16777216,4096,10,1,14.0223,23.0628,ms
TRUE,8,pullBlocksSingleRankToSingleRank,64,1,16777216,4096,10,1,13.9621,23.0596,ms
TRUE,8,pullBlocksSingleRankToSingleRank,64,1,16777216,4096,10,1,13.9511,23.1463,ms
TRUE,8,pullBlocksSingleRankToSingleRank,64,1,16777216,4096,10,1,13.9966,22.8506,ms
TRUE,8,pullBlocksSingleRankToSingleRank,64,1,16777216,4096,10,1,14.098,23.0528,ms
TRUE,8,pullBlocksSingleRankToSingleRank,64,1,16777216,4096,10,1,14.8373,23.7595,ms
TRUE,8,pullBlocksSingleRankToSingleRank,64,1,16777216,4096,10,1,14.1123,25.1519,ms
FALSE,128,submitBlocks,64,1,16777216,4096,10,1,134.078,86970.6,ms
FALSE,128,submitBlocks,64,1,16777216,4096,10,1,126.091,148.314,ms
FALSE,128,submitBlocks,64,1,16777216,4096,10,1,129.222,127.953,ms
FALSE,128,submitBlocks,64,1,16777216,4096,10,1,129.047,147.836,ms
FALSE,128,submitBlocks,64,1,16777216,4096,10,1,129.576,133.762,ms
FALSE,128,submitBlocks,64,1,16777216,4096,10,1,129.926,136.897,ms
FALSE,128,submitBlocks,64,1,16777216,4096,10,1,130.064,122.606,ms
FALSE,128,submitBlocks,64,1,16777216,4096,10,1,130.279,138.94,ms
FALSE,128,submitBlocks,64,1,16777216,4096,10,1,130.557,137.679,ms
FALSE,128,submitBlocks,64,1,16777216,4096,10,1,128.376,149.896,ms
FALSE,128,submitSerializedData,64,1,16777216,4096,10,1,108.328,71.8537,ms
FALSE,128,submitSerializedData,64,1,16777216,4096,10,1,101.23,64.5109,ms
FALSE,128,submitSerializedData,64,1,16777216,4096,10,1,101.128,58.7033,ms
FALSE,128,submitSerializedData,64,1,16777216,4096,10,1,101.194,69.0203,ms
FALSE,128,submitSerializedData,64,1,16777216,4096,10,1,100.919,68.6035,ms
FALSE,128,submitSerializedData,64,1,16777216,4096,10,1,100.688,69.261,ms
FALSE,128,submitSerializedData,64,1,16777216,4096,10,1,100.54,68.2376,ms
FALSE,128,submitSerializedData,64,1,16777216,4096,10,1,100.991,59.7125,ms
FALSE,128,submitSerializedData,64,1,16777216,4096,10,1,100.934,66.8227,ms
FALSE,128,submitSerializedData,64,1,16777216,4096,10,1,100.989,84.3789,ms
FALSE,128,pullBlocksSingleRank,64,1,16777216,4096,10,1,526.554,530.123,ms
FALSE,128,pullBlocksSingleRank,64,1,16777216,4096,10,1,513.992,514.561,ms
FALSE,128,pullBlocksSingleRank,64,1,16777216,4096,10,1,512.599,512.846,ms
FALSE,128,pullBlocksSingleRank,64,1,16777216,4096,10,1,513.772,514.561,ms
FALSE,128,pullBlocksSingleRank,64,1,16777216,4096,10,1,515.193,515.549,ms
FALSE,128,pullBlocksSingleRank,64,1,16777216,4096,10,1,514.808,515.371,ms
FALSE,128,pullBlocksSingleRank,64,1,16777216,4096,10,1,665.471,665.759,ms
FALSE,128,pullBlocksSingleRank,64,1,16777216,4096,10,1,516.406,516.755,ms
FALSE,128,pullBlocksSingleRank,64,1,16777216,4096,10,1,516.814,517.492,ms
FALSE,128,pullBlocksSingleRank,64,1,16777216,4096,10,1,516.199,516.659,ms
FALSE,128,pullBlocksSingleRankToSingleRank,64,1,16777216,4096,10,1,25.9022,31.9127,ms
FALSE,128,pullBlocksSingleRankToSingleRank,64,1,16777216,4096,10,1,20.3011,26.7777,ms
FALSE,128,pullBlocksSingleRankToSingleRank,64,1,16777216,4096,10,1,20.3664,27.6605,ms
FALSE,128,pullBlocksSingleRankToSingleRank,64,1,16777216,4096,10,1,20.5646,27.5321,ms
FALSE,128,pullBlocksSingleRankToSingleRank,64,1,16777216,4096,10,1,20.5333,27.2782,ms
FALSE,128,pullBlocksSingleRankToSingleRank,64,1,16777216,4096,10,1,20.3302,28.4036,ms
FALSE,128,pullBlocksSingleRankToSingleRank,64,1,16777216,4096,10,1,20.6648,27.6911,ms
FALSE,128,pullBlocksSingleRankToSingleRank,64,1,16777216,4096,10,1,20.4977,27.8504,ms
FALSE,128,pullBlocksSingleRankToSingleRank,64,1,16777216,4096,10,1,20.3596,27.367,ms
FALSE,128,pullBlocksSingleRankToSingleRank,64,1,16777216,4096,10,1,20.5672,27.5286,ms
FALSE,16,submitBlocks,64,1,16777216,4096,10,1,131.641,3771.6,ms
FALSE,16,submitBlocks,64,1,16777216,4096,10,1,121.408,122.983,ms
FALSE,16,submitBlocks,64,1,16777216,4096,10,1,122,125.086,ms
FALSE,16,submitBlocks,64,1,16777216,4096,10,1,125.91,123.697,ms
FALSE,16,submitBlocks,64,1,16777216,4096,10,1,126.037,134.311,ms
FALSE,16,submitBlocks,64,1,16777216,4096,10,1,125.466,137.104,ms
FALSE,16,submitBlocks,64,1,16777216,4096,10,1,125.267,127.906,ms
FALSE,16,submitBlocks,64,1,16777216,4096,10,1,125.246,131.898,ms
FALSE,16,submitBlocks,64,1,16777216,4096,10,1,125.273,129.3,ms
FALSE,16,submitBlocks,64,1,16777216,4096,10,1,125.353,126.078,ms
FALSE,16,submitSerializedData,64,1,16777216,4096,10,1,106.981,78.0043,ms
FALSE,16,submitSerializedData,64,1,16777216,4096,10,1,100.171,65.3625,ms
FALSE,16,submitSerializedData,64,1,16777216,4096,10,1,99.7273,73.9925,ms
FALSE,16,submitSerializedData,64,1,16777216,4096,10,1,99.6714,84.474,ms
FALSE,16,submitSerializedData,64,1,16777216,4096,10,1,99.6391,77.1875,ms
FALSE,16,submitSerializedData,64,1,16777216,4096,10,1,99.7775,83.2233,ms
FALSE,16,submitSerializedData,64,1,16777216,4096,10,1,99.7332,68.3081,ms
FALSE,16,submitSerializedData,64,1,16777216,4096,10,1,99.7193,52.8252,ms
FALSE,16,submitSerializedData,64,1,16777216,4096,10,1,100.068,67.2409,ms
FALSE,16,submitSerializedData,64,1,16777216,4096,10,1,99.8918,73.7296,ms
FALSE,16,pullBlocksSingleRank,64,1,16777216,4096,10,1,27.6141,29.68,ms
FALSE,16,pullBlocksSingleRank,64,1,16777216,4096,10,1,12.038,12.4669,ms
FALSE,16,pullBlocksSingleRank,64,1,16777216,4096,10,1,10.8624,11.0908,ms
FALSE,16,pullBlocksSingleRank,64,1,16777216,4096,10,1,10.6716,11.0632,ms
FALSE,16,pullBlocksSingleRank,64,1,16777216,4096,10,1,10.466,10.7386,ms
FALSE,16,pullBlocksSingleRank,64,1,16777216,4096,10,1,11.0864,12.2347,ms
FALSE,16,pullBlocksSingleRank,64,1,16777216,4096,10,1,10.5832,10.9393,ms
FALSE,16,pullBlocksSingleRank,64,1,16777216,4096,10,1,10.9305,11.3834,ms
FALSE,16,pullBlocksSingleRank,64,1,16777216,4096,10,1,11.0261,11.4469,ms
FALSE,16,pullBlocksSingleRank,64,1,16777216,4096,10,1,10.8426,14.7522,ms
FALSE,16,pullBlocksSingleRankToSingleRank,64,1,16777216,4096,10,1,25.633,27.8484,ms
FALSE,16,pullBlocksSingleRankToSingleRank,64,1,16777216,4096,10,1,20.4302,21.7123,ms
FALSE,16,pullBlocksSingleRankToSingleRank,64,1,16777216,4096,10,1,20.2708,22.0877,ms
FALSE,16,pullBlocksSingleRankToSingleRank,64,1,16777216,4096,10,1,20.3874,23.4823,ms
FALSE,16,pullBlocksSingleRankToSingleRank,64,1,16777216,4096,10,1,20.7641,23.0948,ms
FALSE,16,pullBlocksSingleRankToSingleRank,64,1,16777216,4096,10,1,20.3941,22.6878,ms
FALSE,16,pullBlocksSingleRankToSingleRank,64,1,16777216,4096,10,1,20.4022,22.7405,ms
FALSE,16,pullBlocksSingleRankToSingleRank,64,1,16777216,4096,10,1,20.3897,22.788,ms
FALSE,16,pullBlocksSingleRankToSingleRank,64,1,16777216,4096,10,1,20.3143,23.3014,ms
FALSE,16,pullBlocksSingleRankToSingleRank,64,1,16777216,4096,10,1,20.6271,47.7848,ms
FALSE,1,submitBlocks,64,1,16777216,4096,10,1,87.135,154.885,ms
FALSE,1,submitBlocks,64,1,16777216,4096,10,1,59.818,71.4874,ms
FALSE,1,submitBlocks,64,1,16777216,4096,10,1,60.3446,64.9352,ms
FALSE,1,submitBlocks,64,1,16777216,4096,10,1,63.5832,67.8751,ms
FALSE,1,submitBlocks,64,1,16777216,4096,10,1,63.8531,67.999,ms
FALSE,1,submitBlocks,64,1,16777216,4096,10,1,63.6359,66.894,ms
FALSE,1,submitBlocks,64,1,16777216,4096,10,1,63.9451,69.9087,ms
FALSE,1,submitBlocks,64,1,16777216,4096,10,1,63.5224,67.3065,ms
FALSE,1,submitBlocks,64,1,16777216,4096,10,1,63.8572,67.9433,ms
FALSE,1,submitBlocks,64,1,16777216,4096,10,1,63.6405,67.547,ms
FALSE,1,submitSerializedData,64,1,16777216,4096,10,1,43.687,46.2566,ms
FALSE,1,submitSerializedData,64,1,16777216,4096,10,1,42.5993,44.9817,ms
FALSE,1,submitSerializedData,64,1,16777216,4096,10,1,42.7192,45.0606,ms
FALSE,1,submitSerializedData,64,1,16777216,4096,10,1,42.5805,44.8978,ms
FALSE,1,submitSerializedData,64,1,16777216,4096,10,1,42.6166,44.946,ms
FALSE,1,submitSerializedData,64,1,16777216,4096,10,1,42.5398,44.8777,ms
FALSE,1,submitSerializedData,64,1,16777216,4096,10,1,42.7446,45.1497,ms
FALSE,1,submitSerializedData,64,1,16777216,4096,10,1,42.5043,44.868,ms
FALSE,1,submitSerializedData,64,1,16777216,4096,10,1,42.7539,45.0777,ms
FALSE,1,submitSerializedData,64,1,16777216,4096,10,1,42.6212,44.9463,ms
FALSE,1,pullBlocksSingleRank,64,1,16777216,4096,10,1,6.98235,7.04441,ms
FALSE,1,pullBlocksSingleRank,64,1,16777216,4096,10,1,5.96525,6.39594,ms
FALSE,1,pullBlocksSingleRank,64,1,16777216,4096,10,1,5.99191,6.49193,ms
FALSE,1,pullBlocksSingleRank,64,1,16777216,4096,10,1,6.06869,6.68166,ms
FALSE,1,pullBlocksSingleRank,64,1,16777216,4096,10,1,5.96388,6.32553,ms
FALSE,1,pullBlocksSingleRank,64,1,16777216,4096,10,1,5.96546,6.50533,ms
FALSE,1,pullBlocksSingleRank,64,1,16777216,4096,10,1,6.08057,6.40447,ms
FALSE,1,pullBlocksSingleRank,64,1,16777216,4096,10,1,6.01374,6.46912,ms
FALSE,1,pullBlocksSingleRank,64,1,16777216,4096,10,1,6.02134,6.44871,ms
FALSE,1,pullBlocksSingleRank,64,1,16777216,4096,10,1,5.9825,6.31529,ms
FALSE,1,pullBlocksSingleRankToSingleRank,64,1,16777216,4096,10,1,18.9575,19.1131,ms
FALSE,1,pullBlocksSingleRankToSingleRank,64,1,16777216,4096,10,1,18.7193,19.1908,ms
FALSE,1,pullBlocksSingleRankToSingleRank,64,1,16777216,4096,10,1,18.7536,19.2601,ms
FALSE,1,pullBlocksSingleRankToSingleRank,64,1,16777216,4096,10,1,18.6307,19.3616,ms
FALSE,1,pullBlocksSingleRankToSingleRank,64,1,16777216,4096,10,1,21.7533,24.1236,ms
FALSE,1,pullBlocksSingleRankToSingleRank,64,1,16777216,4096,10,1,18.8696,24.1046,ms
FALSE,1,pullBlocksSingleRankToSingleRank,64,1,16777216,4096,10,1,21.7939,22.2822,ms
FALSE,1,pullBlocksSingleRankToSingleRank,64,1,16777216,4096,10,1,18.5107,19.0202,ms
FALSE,1,pullBlocksSingleRankToSingleRank,64,1,16777216,4096,10,1,21.7144,21.9865,ms
FALSE,1,pullBlocksSingleRankToSingleRank,64,1,16777216,4096,10,1,18.6879,19.3058,ms
FALSE,256,submitBlocks,64,1,16777216,4096,10,1,132.929,82935.5,ms
FALSE,256,submitBlocks,64,1,16777216,4096,10,1,122.871,119.769,ms
FALSE,256,submitBlocks,64,1,16777216,4096,10,1,126.261,137.788,ms
FALSE,256,submitBlocks,64,1,16777216,4096,10,1,126.831,129.488,ms
FALSE,256,submitBlocks,64,1,16777216,4096,10,1,126.494,137.483,ms
FALSE,256,submitBlocks,64,1,16777216,4096,10,1,127.163,145.528,ms
FALSE,256,submitBlocks,64,1,16777216,4096,10,1,128.137,146.654,ms
FALSE,256,submitBlocks,64,1,16777216,4096,10,1,126.614,129.373,ms
FALSE,256,submitBlocks,64,1,16777216,4096,10,1,127.598,135.197,ms
FALSE,256,submitBlocks,64,1,16777216,4096,10,1,126.62,137.34,ms
FALSE,256,submitSerializedData,64,1,16777216,4096,10,1,123.569,106.031,ms
FALSE,256,submitSerializedData,64,1,16777216,4096,10,1,111.708,118.225,ms
FALSE,256,submitSerializedData,64,1,16777216,4096,10,1,112.445,93.0769,ms
FALSE,256,submitSerializedData,64,1,16777216,4096,10,1,112.387,119.598,ms
FALSE,256,submitSerializedData,64,1,16777216,4096,10,1,112.375,84.8265,ms
FALSE,256,submitSerializedData,64,1,16777216,4096,10,1,111.935,102.96,ms
FALSE,256,submitSerializedData,64,1,16777216,4096,10,1,112.261,76.0895,ms
FALSE,256,submitSerializedData,64,1,16777216,4096,10,1,111.712,98.3487,ms
FALSE,256,submitSerializedData,64,1,16777216,4096,10,1,111.512,91.1357,ms
FALSE,256,submitSerializedData,64,1,16777216,4096,10,1,110.446,118.542,ms
FALSE,256,pullBlocksSingleRank,64,1,16777216,4096,10,1,1798.59,1802.53,ms
FALSE,256,pullBlocksSingleRank,64,1,16777216,4096,10,1,1785.52,1788.3,ms
FALSE,256,pullBlocksSingleRank,64,1,16777216,4096,10,1,1785.75,1935.11,ms
FALSE,256,pullBlocksSingleRank,64,1,16777216,4096,10,1,1145.04,1147.66,ms
FALSE,256,pullBlocksSingleRank,64,1,16777216,4096,10,1,2427.25,2428.5,ms
FALSE,256,pullBlocksSingleRank,64,1,16777216,4096,10,1,1146.57,1149.32,ms
FALSE,256,pullBlocksSingleRank,64,1,16777216,4096,10,1,1149.81,1152.43,ms
FALSE,256,pullBlocksSingleRank,64,1,16777216,4096,10,1,1152.97,1155.89,ms
FALSE,256,pullBlocksSingleRank,64,1,16777216,4096,10,1,1947.32,1948.97,ms
FALSE,256,pullBlocksSingleRank,64,1,16777216,4096,10,1,1145.3,1148.02,ms
FALSE,256,pullBlocksSingleRankToSingleRank,64,1,16777216,4096,10,1,26.2849,32.501,ms
FALSE,256,pullBlocksSingleRankToSingleRank,64,1,16777216,4096,10,1,25.578,38.1311,ms
FALSE,256,pullBlocksSingleRankToSingleRank,64,1,16777216,4096,10,1,25.9455,38.3384,ms
FALSE,256,pullBlocksSingleRankToSingleRank,64,1,16777216,4096,10,1,26.0637,37.8711,ms
FALSE,256,pullBlocksSingleRankToSingleRank,64,1,16777216,4096,10,1,25.544,32.0104,ms
FALSE,256,pullBlocksSingleRankToSingleRank,64,1,16777216,4096,10,1,26.1746,37.9884,ms
FALSE,256,pullBlocksSingleRankToSingleRank,64,1,16777216,4096,10,1,26.2059,32.3355,ms
FALSE,256,pullBlocksSingleRankToSingleRank,64,1,16777216,4096,10,1,26.0103,37.6448,ms
FALSE,256,pullBlocksSingleRankToSingleRank,64,1,16777216,4096,10,1,26.2941,38.5757,ms
FALSE,256,pullBlocksSingleRankToSingleRank,64,1,16777216,4096,10,1,25.8189,37.7298,ms
FALSE,2,submitBlocks,64,1,16777216,4096,10,1,127.158,437.571,ms
FALSE,2,submitBlocks,64,1,16777216,4096,10,1,117.838,133.214,ms
FALSE,2,submitBlocks,64,1,16777216,4096,10,1,122.369,122.744,ms
FALSE,2,submitBlocks,64,1,16777216,4096,10,1,122.513,134.652,ms
FALSE,2,submitBlocks,64,1,16777216,4096,10,1,122.277,125.264,ms
FALSE,2,submitBlocks,64,1,16777216,4096,10,1,121.781,113.164,ms
FALSE,2,submitBlocks,64,1,16777216,4096,10,1,123.108,111.758,ms
FALSE,2,submitBlocks,64,1,16777216,4096,10,1,121.455,115.927,ms
FALSE,2,submitBlocks,64,1,16777216,4096,10,1,121.74,116.359,ms
FALSE,2,submitBlocks,64,1,16777216,4096,10,1,131.335,104.694,ms
FALSE,2,submitSerializedData,64,1,16777216,4096,10,1,112.46,87.6965,ms
FALSE,2,submitSerializedData,64,1,16777216,4096,10,1,107.82,75.2078,ms
FALSE,2,submitSerializedData,64,1,16777216,4096,10,1,106.787,62.6046,ms
FALSE,2,submitSerializedData,64,1,16777216,4096,10,1,106.058,62.3825,ms
FALSE,2,submitSerializedData,64,1,16777216,4096,10,1,106.751,103.573,ms
FALSE,2,submitSerializedData,64,1,16777216,4096,10,1,106.212,68.9895,ms
FALSE,2,submitSerializedData,64,1,16777216,4096,10,1,107.256,67.4646,ms
FALSE,2,submitSerializedData,64,1,16777216,4096,10,1,104.518,108.631,ms
FALSE,2,submitSerializedData,64,1,16777216,4096,10,1,105.701,57.4331,ms
FALSE,2,submitSerializedData,64,1,16777216,4096,10,1,105.503,63.0976,ms
FALSE,2,pullBlocksSingleRank,64,1,16777216,4096,10,1,11.2938,14.6204,ms
FALSE,2,pullBlocksSingleRank,64,1,16777216,4096,10,1,6.36183,7.15929,ms
FALSE,2,pullBlocksSingleRank,64,1,16777216,4096,10,1,6.48768,6.81445,ms
FALSE,2,pullBlocksSingleRank,64,1,16777216,4096,10,1,6.37308,6.87871,ms
FALSE,2,pullBlocksSingleRank,64,1,16777216,4096,10,1,6.43311,8.27692,ms
FALSE,2,pullBlocksSingleRank,64,1,16777216,4096,10,1,6.43953,7.24745,ms
FALSE,2,pullBlocksSingleRank,64,1,16777216,4096,10,1,6.32533,8.1475,ms
FALSE,2,pullBlocksSingleRank,64,1,16777216,4096,10,1,6.51973,7.07502,ms
FALSE,2,pullBlocksSingleRank,64,1,16777216,4096,10,1,6.47374,7.93014,ms
FALSE,2,pullBlocksSingleRank,64,1,16777216,4096,10,1,6.43293,8.08096,ms
FALSE,2,pullBlocksSingleRankToSingleRank,64,1,16777216,4096,10,1,26.5964,36.5124,ms
FALSE,2,pullBlocksSingleRankToSingleRank,64,1,16777216,4096,10,1,26.5048,40.2663,ms
FALSE,2,pullBlocksSingleRankToSingleRank,64,1,16777216,4096,10,1,25.724,26.7695,ms
FALSE,2,pullBlocksSingleRankToSingleRank,64,1,16777216,4096,10,1,26.1983,32.3586,ms
FALSE,2,pullBlocksSingleRankToSingleRank,64,1,16777216,4096,10,1,25.3372,26.0619,ms
FALSE,2,pullBlocksSingleRankToSingleRank,64,1,16777216,4096,10,1,20.7253,26.5208,ms
FALSE,2,pullBlocksSingleRankToSingleRank,64,1,16777216,4096,10,1,25.5019,26.3739,ms
FALSE,2,pullBlocksSingleRankToSingleRank,64,1,16777216,4096,10,1,20.8216,22.7919,ms
FALSE,2,pullBlocksSingleRankToSingleRank,64,1,16777216,4096,10,1,26.4082,32.8905,ms
FALSE,2,pullBlocksSingleRankToSingleRank,64,1,16777216,4096,10,1,25.2626,31.3237,ms
FALSE,32,submitBlocks,64,1,16777216,4096,10,1,132.192,8186.3,ms
FALSE,32,submitBlocks,64,1,16777216,4096,10,1,121.629,131.649,ms
FALSE,32,submitBlocks,64,1,16777216,4096,10,1,122.529,134.473,ms
FALSE,32,submitBlocks,64,1,16777216,4096,10,1,125.989,123.87,ms
FALSE,32,submitBlocks,64,1,16777216,4096,10,1,125.626,133.981,ms
FALSE,32,submitBlocks,64,1,16777216,4096,10,1,125.635,132.104,ms
FALSE,32,submitBlocks,64,1,16777216,4096,10,1,126.158,123.137,ms
FALSE,32,submitBlocks,64,1,16777216,4096,10,1,126.304,140.635,ms
FALSE,32,submitBlocks,64,1,16777216,4096,10,1,125.73,135.827,ms
FALSE,32,submitBlocks,64,1,16777216,4096,10,1,125.848,143.265,ms
FALSE,32,submitSerializedData,64,1,16777216,4096,10,1,107.628,74.9949,ms
FALSE,32,submitSerializedData,64,1,16777216,4096,10,1,100.75,50.9919,ms
FALSE,32,submitSerializedData,64,1,16777216,4096,10,1,100.802,65.8703,ms
FALSE,32,submitSerializedData,64,1,16777216,4096,10,1,100.622,74.6868,ms
FALSE,32,submitSerializedData,64,1,16777216,4096,10,1,100.293,67.6321,ms
FALSE,32,submitSerializedData,64,1,16777216,4096,10,1,100.321,69.408,ms
FALSE,32,submitSerializedData,64,1,16777216,4096,10,1,100.307,64.2957,ms
FALSE,32,submitSerializedData,64,1,16777216,4096,10,1,100.243,59.2067,ms
FALSE,32,submitSerializedData,64,1,16777216,4096,10,1,100.267,69.4142,ms
FALSE,32,submitSerializedData,64,1,16777216,4096,10,1,100.331,72.1372,ms
FALSE,32,pullBlocksSingleRank,64,1,16777216,4096,10,1,33.0474,35.7078,ms
FALSE,32,pullBlocksSingleRank,64,1,16777216,4096,10,1,19.034,20.4144,ms
FALSE,32,pullBlocksSingleRank,64,1,16777216,4096,10,1,18.0683,18.655,ms
FALSE,32,pullBlocksSingleRank,64,1,16777216,4096,10,1,17.9253,18.4603,ms
FALSE,32,pullBlocksSingleRank,64,1,16777216,4096,10,1,18.0363,18.6631,ms
FALSE,32,pullBlocksSingleRank,64,1,16777216,4096,10,1,18.0431,18.6241,ms
FALSE,32,pullBlocksSingleRank,64,1,16777216,4096,10,1,17.7187,18.5088,ms
FALSE,32,pullBlocksSingleRank,64,1,16777216,4096,10,1,18.0553,18.7405,ms
FALSE,32,pullBlocksSingleRank,64,1,16777216,4096,10,1,17.968,19.5392,ms
FALSE,32,pullBlocksSingleRank,64,1,16777216,4096,10,1,18.0154,18.939,ms
FALSE,32,pullBlocksSingleRankToSingleRank,64,1,16777216,4096,10,1,26.0701,32.0628,ms
FALSE,32,pullBlocksSingleRankToSingleRank,64,1,16777216,4096,10,1,20.4234,27.312,ms
FALSE,32,pullBlocksSingleRankToSingleRank,64,1,16777216,4096,10,1,21.239,34.4584,ms
FALSE,32,pullBlocksSingleRankToSingleRank,64,1,16777216,4096,10,1,20.6588,29.6502,ms
FALSE,32,pullBlocksSingleRankToSingleRank,64,1,16777216,4096,10,1,20.7703,30.8501,ms
FALSE,32,pullBlocksSingleRankToSingleRank,64,1,16777216,4096,10,1,20.5611,27.7074,ms
FALSE,32,pullBlocksSingleRankToSingleRank,64,1,16777216,4096,10,1,20.4131,27.7509,ms
FALSE,32,pullBlocksSingleRankToSingleRank,64,1,16777216,4096,10,1,20.8065,27.3321,ms
FALSE,32,pullBlocksSingleRankToSingleRank,64,1,16777216,4096,10,1,20.8252,27.925,ms
FALSE,32,pullBlocksSingleRankToSingleRank,64,1,16777216,4096,10,1,20.8089,26.9642,ms
FALSE,4,submitBlocks,64,1,16777216,4096,10,1,130.579,866.536,ms
FALSE,4,submitBlocks,64,1,16777216,4096,10,1,120.37,108.33,ms
FALSE,4,submitBlocks,64,1,16777216,4096,10,1,121.47,116.099,ms
FALSE,4,submitBlocks,64,1,16777216,4096,10,1,125.212,118.965,ms
FALSE,4,submitBlocks,64,1,16777216,4096,10,1,124.493,137.428,ms
FALSE,4,submitBlocks,64,1,16777216,4096,10,1,123.817,125.24,ms
FALSE,4,submitBlocks,64,1,16777216,4096,10,1,125.221,123.984,ms
FALSE,4,submitBlocks,64,1,16777216,4096,10,1,124.513,131.734,ms
FALSE,4,submitBlocks,64,1,16777216,4096,10,1,124.223,137.404,ms
FALSE,4,submitBlocks,64,1,16777216,4096,10,1,124.218,128.161,ms
FALSE,4,submitSerializedData,64,1,16777216,4096,10,1,109.701,80.6454,ms
FALSE,4,submitSerializedData,64,1,16777216,4096,10,1,110.013,72.4975,ms
FALSE,4,submitSerializedData,64,1,16777216,4096,10,1,110.269,77.1709,ms
FALSE,4,submitSerializedData,64,1,16777216,4096,10,1,107.624,85.7956,ms
FALSE,4,submitSerializedData,64,1,16777216,4096,10,1,108.081,95.923,ms
FALSE,4,submitSerializedData,64,1,16777216,4096,10,1,107.357,85.9346,ms
FALSE,4,submitSerializedData,64,1,16777216,4096,10,1,109.169,81.5101,ms
FALSE,4,submitSerializedData,64,1,16777216,4096,10,1,108.219,97.8999,ms
FALSE,4,submitSerializedData,64,1,16777216,4096,10,1,108.634,78.7321,ms
FALSE,4,submitSerializedData,64,1,16777216,4096,10,1,107.52,80.9031,ms
FALSE,4,pullBlocksSingleRank,64,1,16777216,4096,10,1,9.06681,12.272,ms
FALSE,4,pullBlocksSingleRank,64,1,16777216,4096,10,1,6.67162,6.85401,ms
FALSE,4,pullBlocksSingleRank,64,1,16777216,4096,10,1,6.85815,7.20091,ms
FALSE,4,pullBlocksSingleRank,64,1,16777216,4096,10,1,6.74369,6.88041,ms
FALSE,4,pullBlocksSingleRank,64,1,16777216,4096,10,1,6.82737,6.97271,ms
FALSE,4,pullBlocksSingleRank,64,1,16777216,4096,10,1,6.72692,7.06357,ms
FALSE,4,pullBlocksSingleRank,64,1,16777216,4096,10,1,6.81461,7.13936,ms
FALSE,4,pullBlocksSingleRank,64,1,16777216,4096,10,1,6.72677,6.99201,ms
FALSE,4,pullBlocksSingleRank,64,1,16777216,4096,10,1,6.75543,10.2111,ms
FALSE,4,pullBlocksSingleRank,64,1,16777216,4096,10,1,6.79099,7.01537,ms
FALSE,4,pullBlocksSingleRankToSingleRank,64,1,16777216,4096,10,1,20.4111,21.3606,ms
FALSE,4,pullBlocksSingleRankToSingleRank,64,1,16777216,4096,10,1,19.3764,19.4011,ms
FALSE,4,pullBlocksSingleRankToSingleRank,64,1,16777216,4096,10,1,19.4697,20.3152,ms
FALSE,4,pullBlocksSingleRankToSingleRank,64,1,16777216,4096,10,1,24.9851,26.0477,ms
FALSE,4,pullBlocksSingleRankToSingleRank,64,1,16777216,4096,10,1,25.1142,26.2312,ms
FALSE,4,pullBlocksSingleRankToSingleRank,64,1,16777216,4096,10,1,24.9549,25.6395,ms
FALSE,4,pullBlocksSingleRankToSingleRank,64,1,16777216,4096,10,1,25.0251,25.823,ms
FALSE,4,pullBlocksSingleRankToSingleRank,64,1,16777216,4096,10,1,25.1265,26.053,ms
FALSE,4,pullBlocksSingleRankToSingleRank,64,1,16777216,4096,10,1,24.9249,26.0701,ms
FALSE,4,pullBlocksSingleRankToSingleRank,64,1,16777216,4096,10,1,24.9942,26.0911,ms
FALSE,512,submitBlocks,64,1,16777216,4096,10,1,154.397,135691,ms
FALSE,512,submitBlocks,64,1,16777216,4096,10,1,145.029,140.425,ms
FALSE,512,submitBlocks,64,1,16777216,4096,10,1,148.949,145.332,ms
FALSE,512,submitBlocks,64,1,16777216,4096,10,1,148.351,159.854,ms
FALSE,512,submitBlocks,64,1,16777216,4096,10,1,148.613,162.705,ms
FALSE,512,submitBlocks,64,1,16777216,4096,10,1,148.105,162.798,ms
FALSE,512,submitBlocks,64,1,16777216,4096,10,1,146.343,157.511,ms
FALSE,512,submitBlocks,64,1,16777216,4096,10,1,147.326,157.283,ms
FALSE,512,submitBlocks,64,1,16777216,4096,10,1,147.347,154.121,ms
FALSE,512,submitBlocks,64,1,16777216,4096,10,1,147.316,156.368,ms
FALSE,512,submitSerializedData,64,1,16777216,4096,10,1,133.423,99.3034,ms
FALSE,512,submitSerializedData,64,1,16777216,4096,10,1,134.492,99.7052,ms
FALSE,512,submitSerializedData,64,1,16777216,4096,10,1,132.309,97.3048,ms
FALSE,512,submitSerializedData,64,1,16777216,4096,10,1,141.141,106.419,ms
FALSE,512,submitSerializedData,64,1,16777216,4096,10,1,129.895,119.483,ms
FALSE,512,submitSerializedData,64,1,16777216,4096,10,1,132.061,100.908,ms
FALSE,512,submitSerializedData,64,1,16777216,4096,10,1,132.124,103.134,ms
FALSE,512,submitSerializedData,64,1,16777216,4096,10,1,131.931,102.051,ms
FALSE,512,submitSerializedData,64,1,16777216,4096,10,1,131.734,99.4544,ms
FALSE,512,submitSerializedData,64,1,16777216,4096,10,1,129.642,107.562,ms
FALSE,512,pullBlocksSingleRank,64,1,16777216,4096,10,1,4381.1,4385.05,ms
FALSE,512,pullBlocksSingleRank,64,1,16777216,4096,10,1,4365.63,4371,ms
FALSE,512,pullBlocksSingleRank,64,1,16777216,4096,10,1,4526.87,4527.91,ms
FALSE,512,pullBlocksSingleRank,64,1,16777216,4096,10,1,4368.33,4369.09,ms
FALSE,512,pullBlocksSingleRank,64,1,16777216,4096,10,1,4365.36,4366.13,ms
FALSE,512,pullBlocksSingleRank,64,1,16777216,4096,10,1,4366.22,4367.03,ms
FALSE,512,pullBlocksSingleRank,64,1,16777216,4096,10,1,4364.83,4370.54,ms
FALSE,512,pullBlocksSingleRank,64,1,16777216,4096,10,1,4367.31,4369.94,ms
FALSE,512,pullBlocksSingleRank,64,1,16777216,4096,10,1,5006.86,5009.73,ms
FALSE,512,pullBlocksSingleRank,64,1,16777216,4096,10,1,4366.14,4366.87,ms
FALSE,512,pullBlocksSingleRankToSingleRank,64,1,16777216,4096,10,1,26.9728,43.1543,ms
FALSE,512,pullBlocksSingleRankToSingleRank,64,1,16777216,4096,10,1,20.481,27.1327,ms
FALSE,512,pullBlocksSingleRankToSingleRank,64,1,16777216,4096,10,1,26.5521,33.2524,ms
FALSE,512,pullBlocksSingleRankToSingleRank,64,1,16777216,4096,10,1,20.902,27.3055,ms
FALSE,512,pullBlocksSingleRankToSingleRank,64,1,16777216,4096,10,1,26.3624,32.6548,ms
FALSE,512,pullBlocksSingleRankToSingleRank,64,1,16777216,4096,10,1,26.5513,33.008,ms
FALSE,512,pullBlocksSingleRankToSingleRank,64,1,16777216,4096,10,1,18.5056,26.8635,ms
FALSE,512,pullBlocksSingleRankToSingleRank,64,1,16777216,4096,10,1,24.252,30.5423,ms
FALSE,512,pullBlocksSingleRankToSingleRank,64,1,16777216,4096,10,1,18.6151,24.7851,ms
FALSE,512,pullBlocksSingleRankToSingleRank,64,1,16777216,4096,10,1,18.5804,25.1716,ms
FALSE,64,submitBlocks,64,1,16777216,4096,10,1,131.549,16837,ms
FALSE,64,submitBlocks,64,1,16777216,4096,10,1,121.995,126.391,ms
FALSE,64,submitBlocks,64,1,16777216,4096,10,1,122.964,122.296,ms
FALSE,64,submitBlocks,64,1,16777216,4096,10,1,126.286,139.693,ms
FALSE,64,submitBlocks,64,1,16777216,4096,10,1,126.288,147.979,ms
FALSE,64,submitBlocks,64,1,16777216,4096,10,1,126.32,130.63,ms
FALSE,64,submitBlocks,64,1,16777216,4096,10,1,126.24,137.604,ms
FALSE,64,submitBlocks,64,1,16777216,4096,10,1,125.961,142.332,ms
FALSE,64,submitBlocks,64,1,16777216,4096,10,1,126.395,136.723,ms
FALSE,64,submitBlocks,64,1,16777216,4096,10,1,126.271,141.868,ms
FALSE,64,submitSerializedData,64,1,16777216,4096,10,1,108.208,75.0244,ms
FALSE,64,submitSerializedData,64,1,16777216,4096,10,1,116.573,84.798,ms
FALSE,64,submitSerializedData,64,1,16777216,4096,10,1,100.631,73.9333,ms
FALSE,64,submitSerializedData,64,1,16777216,4096,10,1,99.5749,86.2979,ms
FALSE,64,submitSerializedData,64,1,16777216,4096,10,1,100.137,89.3781,ms
FALSE,64,submitSerializedData,64,1,16777216,4096,10,1,100.166,87.5462,ms
FALSE,64,submitSerializedData,64,1,16777216,4096,10,1,99.8349,81.4779,ms
FALSE,64,submitSerializedData,64,1,16777216,4096,10,1,99.9667,71.5235,ms
FALSE,64,submitSerializedData,64,1,16777216,4096,10,1,99.6914,71.3348,ms
FALSE,64,submitSerializedData,64,1,16777216,4096,10,1,99.8915,81.0907,ms
FALSE,64,pullBlocksSingleRank,64,1,16777216,4096,10,1,200.507,205.109,ms
FALSE,64,pullBlocksSingleRank,64,1,16777216,4096,10,1,340.327,342.428,ms
FALSE,64,pullBlocksSingleRank,64,1,16777216,4096,10,1,185.349,187.311,ms
FALSE,64,pullBlocksSingleRank,64,1,16777216,4096,10,1,186.574,188.65,ms
FALSE,64,pullBlocksSingleRank,64,1,16777216,4096,10,1,187.327,189.295,ms
FALSE,64,pullBlocksSingleRank,64,1,16777216,4096,10,1,342.852,345.221,ms
FALSE,64,pullBlocksSingleRank,64,1,16777216,4096,10,1,331.652,334.398,ms
FALSE,64,pullBlocksSingleRank,64,1,16777216,4096,10,1,189.86,191.871,ms
FALSE,64,pullBlocksSingleRank,64,1,16777216,4096,10,1,331.804,335.503,ms
FALSE,64,pullBlocksSingleRank,64,1,16777216,4096,10,1,186.395,189.248,ms
FALSE,64,pullBlocksSingleRankToSingleRank,64,1,16777216,4096,10,1,25.844,33.1962,ms
FALSE,64,pullBlocksSingleRankToSingleRank,64,1,16777216,4096,10,1,19.2188,28.5405,ms
FALSE,64,pullBlocksSingleRankToSingleRank,64,1,16777216,4096,10,1,19.3665,29.1184,ms
FALSE,64,pullBlocksSingleRankToSingleRank,64,1,16777216,4096,10,1,19.1331,28.6156,ms
FALSE,64,pullBlocksSingleRankToSingleRank,64,1,16777216,4096,10,1,18.9199,28.2819,ms
FALSE,64,pullBlocksSingleRankToSingleRank,64,1,16777216,4096,10,1,19.196,28.7535,ms
FALSE,64,pullBlocksSingleRankToSingleRank,64,1,16777216,4096,10,1,19.3935,35.2611,ms
FALSE,64,pullBlocksSingleRankToSingleRank,64,1,16777216,4096,10,1,19.2773,28.7739,ms
FALSE,64,pullBlocksSingleRankToSingleRank,64,1,16777216,4096,10,1,19.2472,28.7526,ms
FALSE,64,pullBlocksSingleRankToSingleRank,64,1,16777216,4096,10,1,19.3477,33.5956,ms
FALSE,8,submitBlocks,64,1,16777216,4096,10,1,131.929,1850.3,ms
FALSE,8,submitBlocks,64,1,16777216,4096,10,1,121.212,132.432,ms
FALSE,8,submitBlocks,64,1,16777216,4096,10,1,122.237,132.24,ms
FALSE,8,submitBlocks,64,1,16777216,4096,10,1,124.999,132.446,ms
FALSE,8,submitBlocks,64,1,16777216,4096,10,1,123.903,138.901,ms
FALSE,8,submitBlocks,64,1,16777216,4096,10,1,125.327,140.907,ms
FALSE,8,submitBlocks,64,1,16777216,4096,10,1,124.866,137.267,ms
FALSE,8,submitBlocks,64,1,16777216,4096,10,1,125.614,132.023,ms
FALSE,8,submitBlocks,64,1,16777216,4096,10,1,126.112,129.51,ms
FALSE,8,submitBlocks,64,1,16777216,4096,10,1,125.417,145.521,ms
FALSE,8,submitSerializedData,64,1,16777216,4096,10,1,102.732,69.6739,ms
FALSE,8,submitSerializedData,64,1,16777216,4096,10,1,98.164,59.8729,ms
FALSE,8,submitSerializedData,64,1,16777216,4096,10,1,98.1442,66.9537,ms
FALSE,8,submitSerializedData,64,1,16777216,4096,10,1,98.0846,69.8166,ms
FALSE,8,submitSerializedData,64,1,16777216,4096,10,1,98.2916,64.1579,ms
FALSE,8,submitSerializedData,64,1,16777216,4096,10,1,98.1925,73.0477,ms
FALSE,8,submitSerializedData,64,1,16777216,4096,10,1,97.8856,64.7567,ms
FALSE,8,submitSerializedData,64,1,16777216,4096,10,1,98.2869,66.8194,ms
FALSE,8,submitSerializedData,64,1,16777216,4096,10,1,98.5206,65.6998,ms
FALSE,8,submitSerializedData,64,1,16777216,4096,10,1,97.9715,64.5474,ms
FALSE,8,pullBlocksSingleRank,64,1,16777216,4096,10,1,18.1391,20.1198,ms
FALSE,8,pullBlocksSingleRank,64,1,16777216,4096,10,1,8.91732,10.8828,ms
FALSE,8,pullBlocksSingleRank,64,1,16777216,4096,10,1,7.75825,8.1942,ms
FALSE,8,pullBlocksSingleRank,64,1,16777216,4096,10,1,8.57782,10.2736,ms
FALSE,8,pullBlocksSingleRank,64,1,16777216,4096,10,1,8.06255,9.652,ms
FALSE,8,pullBlocksSingleRank,64,1,16777216,4096,10,1,7.85098,9.37486,ms
FALSE,8,pullBlocksSingleRank,64,1,16777216,4096,10,1,7.94796,9.04023,ms
FALSE,8,pullBlocksSingleRank,64,1,16777216,4096,10,1,8.32087,9.46811,ms
FALSE,8,pullBlocksSingleRank,64,1,16777216,4096,10,1,7.79693,9.16314,ms
FALSE,8,pullBlocksSingleRank,64,1,16777216,4096,10,1,8.02595,8.71062,ms
FALSE,8,pullBlocksSingleRankToSingleRank,64,1,16777216,4096,10,1,26.2934,45.1384,ms
FALSE,8,pullBlocksSingleRankToSingleRank,64,1,16777216,4096,10,1,20.9176,45.3021,ms
FALSE,8,pullBlocksSingleRankToSingleRank,64,1,16777216,4096,10,1,21.0601,45.6842,ms
FALSE,8,pullBlocksSingleRankToSingleRank,64,1,16777216,4096,10,1,19.7982,39.5615,ms
FALSE,8,pullBlocksSingleRankToSingleRank,64,1,16777216,4096,10,1,19.6861,38.9745,ms
FALSE,8,pullBlocksSingleRankToSingleRank,64,1,16777216,4096,10,1,19.6298,36.743,ms
FALSE,8,pullBlocksSingleRankToSingleRank,64,1,16777216,4096,10,1,19.8131,37.2202,ms
FALSE,8,pullBlocksSingleRankToSingleRank,64,1,16777216,4096,10,1,19.7313,36.6529,ms
FALSE,8,pullBlocksSingleRankToSingleRank,64,1,16777216,4096,10,1,19.727,36.5922,ms
FALSE,8,pullBlocksSingleRankToSingleRank,64,1,16777216,4096,10,1,19.3896,20.5975,ms
