code,benchmark,bytesPerBlock,replicationLevel,bytesPerRank,iterations,real_time,cpu_time,time_unit
with-id-compression,submitBlocks,8,2,1048576,1,686.152,661.622,ms
with-id-compression,submitBlocks,8,2,1048576,1,124.477,139.407,ms
with-id-compression,submitBlocks,8,2,1048576,1,123.331,135.484,ms
with-id-compression,submitBlocks,8,2,1048576,1,122.384,134.366,ms
with-id-compression,submitBlocks,8,2,1048576,1,123.258,135.464,ms
with-id-compression,submitBlocks,1024,2,1048576,74,9.62069,12.9071,ms
with-id-compression,submitBlocks,1024,2,1048576,74,9.68148,12.9899,ms
with-id-compression,submitBlocks,1024,2,1048576,74,9.40292,12.7239,ms
with-id-compression,submitBlocks,1024,2,1048576,74,9.40249,12.7221,ms
with-id-compression,submitBlocks,1024,2,1048576,74,9.51389,12.8599,ms
with-id-compression,submitBlocks,1048576,2,1048576,82,8.55792,11.5999,ms
with-id-compression,submitBlocks,1048576,2,1048576,82,8.54908,11.5969,ms
with-id-compression,submitBlocks,1048576,2,1048576,82,8.65162,11.7177,ms
with-id-compression,submitBlocks,1048576,2,1048576,82,8.50223,11.5437,ms
with-id-compression,submitBlocks,1048576,2,1048576,82,8.4617,11.523,ms
with-id-compression,submitBlocks,8,3,1048576,4,167.237,179.916,ms
with-id-compression,submitBlocks,8,3,1048576,4,167.383,180.249,ms
with-id-compression,submitBlocks,8,3,1048576,4,168.772,181.788,ms
with-id-compression,submitBlocks,8,3,1048576,4,167.314,180.035,ms
with-id-compression,submitBlocks,8,3,1048576,4,167.3,180.111,ms
with-id-compression,submitBlocks,1024,3,1048576,42,16.3979,19.6923,ms
with-id-compression,submitBlocks,1024,3,1048576,42,16.4457,19.7386,ms
with-id-compression,submitBlocks,1024,3,1048576,42,16.7807,20.0657,ms
with-id-compression,submitBlocks,1024,3,1048576,42,16.6698,19.9672,ms
with-id-compression,submitBlocks,1024,3,1048576,42,16.9348,20.2397,ms
with-id-compression,submitBlocks,1048576,3,1048576,46,15.1833,18.2155,ms
with-id-compression,submitBlocks,1048576,3,1048576,46,15.308,18.344,ms
with-id-compression,submitBlocks,1048576,3,1048576,46,15.1812,18.2212,ms
with-id-compression,submitBlocks,1048576,3,1048576,46,15.2156,18.2557,ms
with-id-compression,submitBlocks,1048576,3,1048576,46,15.2719,18.3124,ms
with-id-compression,submitBlocks,8,4,1048576,3,211.701,224.552,ms
with-id-compression,submitBlocks,8,4,1048576,3,211.665,224.587,ms
with-id-compression,submitBlocks,8,4,1048576,3,211.496,224.336,ms
with-id-compression,submitBlocks,8,4,1048576,3,213.882,227.31,ms
with-id-compression,submitBlocks,8,4,1048576,3,211.391,224.328,ms
with-id-compression,submitBlocks,1024,4,1048576,28,25.1806,28.4381,ms
with-id-compression,submitBlocks,1024,4,1048576,28,25.4382,28.6738,ms
with-id-compression,submitBlocks,1024,4,1048576,28,25.0419,28.2877,ms
with-id-compression,submitBlocks,1024,4,1048576,28,25.7374,28.9751,ms
with-id-compression,submitBlocks,1024,4,1048576,28,25.6901,28.9414,ms
with-id-compression,submitBlocks,1048576,4,1048576,30,23.622,26.6453,ms
with-id-compression,submitBlocks,1048576,4,1048576,30,23.3701,26.374,ms
with-id-compression,submitBlocks,1048576,4,1048576,30,23.5402,26.5408,ms
with-id-compression,submitBlocks,1048576,4,1048576,30,23.5264,26.5304,ms
with-id-compression,submitBlocks,1048576,4,1048576,30,23.4496,26.4502,ms
with-id-compression,submitBlocks,8,2,16777216,1,2089.44,2362.37,ms
with-id-compression,submitBlocks,8,2,16777216,1,2107.45,2333,ms
with-id-compression,submitBlocks,8,2,16777216,1,2093.19,2321.9,ms
with-id-compression,submitBlocks,8,2,16777216,1,2116.7,2308.91,ms
with-id-compression,submitBlocks,8,2,16777216,1,2096.99,2345.92,ms
with-id-compression,submitBlocks,1024,2,16777216,3,218.43,279.727,ms
with-id-compression,submitBlocks,1024,2,16777216,3,235.997,294.053,ms
with-id-compression,submitBlocks,1024,2,16777216,3,234.02,291.747,ms
with-id-compression,submitBlocks,1024,2,16777216,3,226.587,284.526,ms
with-id-compression,submitBlocks,1024,2,16777216,3,234.502,292.688,ms
with-id-compression,submitBlocks,1048576,2,16777216,4,233.195,286.02,ms
with-id-compression,submitBlocks,1048576,2,16777216,4,242.771,295.45,ms
with-id-compression,submitBlocks,1048576,2,16777216,4,234.393,287.111,ms
with-id-compression,submitBlocks,1048576,2,16777216,4,233.647,286.684,ms
with-id-compression,submitBlocks,1048576,2,16777216,4,227.339,280.121,ms
with-id-compression,submitBlocks,8,3,16777216,1,2754.88,2984.72,ms
with-id-compression,submitBlocks,8,3,16777216,1,2787.03,3040.87,ms
with-id-compression,submitBlocks,8,3,16777216,1,2802.61,3055.56,ms
with-id-compression,submitBlocks,8,3,16777216,1,2787.92,3005.49,ms
with-id-compression,submitBlocks,8,3,16777216,1,2773.3,3038.46,ms
with-id-compression,submitBlocks,1024,3,16777216,1,626.37,693.961,ms
with-id-compression,submitBlocks,1024,3,16777216,1,548.947,611.088,ms
with-id-compression,submitBlocks,1024,3,16777216,1,537.68,594.004,ms
with-id-compression,submitBlocks,1024,3,16777216,1,535.739,599.463,ms
with-id-compression,submitBlocks,1024,3,16777216,1,527.444,588.776,ms
with-id-compression,submitBlocks,1048576,3,16777216,1,527.116,583.155,ms
with-id-compression,submitBlocks,1048576,3,16777216,1,506.187,562.223,ms
with-id-compression,submitBlocks,1048576,3,16777216,1,509.03,565.016,ms
with-id-compression,submitBlocks,1048576,3,16777216,1,510.169,561.487,ms
with-id-compression,submitBlocks,1048576,3,16777216,1,507.102,562.846,ms
with-id-compression,submitBlocks,8,4,16777216,1,3507.12,3772.14,ms
with-id-compression,submitBlocks,8,4,16777216,1,3520.13,3722.1,ms
with-id-compression,submitBlocks,8,4,16777216,1,3510.09,3766.88,ms
with-id-compression,submitBlocks,8,4,16777216,1,3519.44,3738.79,ms
with-id-compression,submitBlocks,8,4,16777216,1,3513.67,3760.71,ms
with-id-compression,submitBlocks,1024,4,16777216,1,906.325,955.93,ms
with-id-compression,submitBlocks,1024,4,16777216,1,844.13,901.632,ms
with-id-compression,submitBlocks,1024,4,16777216,1,830.598,897.079,ms
with-id-compression,submitBlocks,1024,4,16777216,1,823.247,893.108,ms
with-id-compression,submitBlocks,1024,4,16777216,1,807.477,873.915,ms
with-id-compression,submitBlocks,1048576,4,16777216,1,811.722,868.627,ms
with-id-compression,submitBlocks,1048576,4,16777216,1,807.491,866.226,ms
with-id-compression,submitBlocks,1048576,4,16777216,1,797.576,857.111,ms
with-id-compression,submitBlocks,1048576,4,16777216,1,792.229,850.48,ms
with-id-compression,submitBlocks,1048576,4,16777216,1,795.771,858.007,ms
with-id-compression,submitBlocks,8,2,33554432,1,4276.81,4747.55,ms
with-id-compression,submitBlocks,8,2,33554432,1,4247.03,4767.96,ms
with-id-compression,submitBlocks,8,2,33554432,1,4222.15,4758.22,ms
with-id-compression,submitBlocks,8,2,33554432,1,4241.38,4716.26,ms
with-id-compression,submitBlocks,8,2,33554432,1,4251.61,4777.29,ms
with-id-compression,submitBlocks,1024,2,33554432,1,770.63,866.986,ms
with-id-compression,submitBlocks,1024,2,33554432,1,615.408,734.67,ms
with-id-compression,submitBlocks,1024,2,33554432,1,617.905,737.886,ms
with-id-compression,submitBlocks,1024,2,33554432,1,613.738,732.523,ms
with-id-compression,submitBlocks,1024,2,33554432,1,616.21,737.014,ms
with-id-compression,submitBlocks,1048576,2,33554432,1,599.86,707.075,ms
with-id-compression,submitBlocks,1048576,2,33554432,1,613.456,720.848,ms
with-id-compression,submitBlocks,1048576,2,33554432,1,609.503,719.448,ms
with-id-compression,submitBlocks,1048576,2,33554432,1,616.169,729.703,ms
with-id-compression,submitBlocks,1048576,2,33554432,1,613.988,723.509,ms
with-id-compression,submitBlocks,8,3,33554432,1,5568.8,6056.11,ms
with-id-compression,submitBlocks,8,3,33554432,1,5624.86,6168.69,ms
with-id-compression,submitBlocks,8,3,33554432,1,5649.37,6195.8,ms
with-id-compression,submitBlocks,8,3,33554432,1,5613.78,6096.41,ms
with-id-compression,submitBlocks,8,3,33554432,1,5610.91,6161.76,ms
with-id-compression,submitBlocks,1024,3,33554432,1,1288.1,1405.05,ms
with-id-compression,submitBlocks,1024,3,33554432,1,1269.1,1388.49,ms
with-id-compression,submitBlocks,1024,3,33554432,1,1245.57,1372.39,ms
with-id-compression,submitBlocks,1024,3,33554432,1,1258.48,1383.27,ms
with-id-compression,submitBlocks,1024,3,33554432,1,1247.66,1372.54,ms
with-id-compression,submitBlocks,1048576,3,33554432,1,1239.6,1353.72,ms
with-id-compression,submitBlocks,1048576,3,33554432,1,1218.7,1332.6,ms
with-id-compression,submitBlocks,1048576,3,33554432,1,1207.19,1320.94,ms
with-id-compression,submitBlocks,1048576,3,33554432,1,1214.18,1328.98,ms
with-id-compression,submitBlocks,1048576,3,33554432,1,1211.07,1325.74,ms
with-id-compression,submitBlocks,8,4,33554432,1,7096.83,7597.66,ms
with-id-compression,submitBlocks,8,4,33554432,1,7130,7705.46,ms
with-id-compression,submitBlocks,8,4,33554432,1,7126.66,7635.47,ms
with-id-compression,submitBlocks,8,4,33554432,1,7135.25,7611.42,ms
with-id-compression,submitBlocks,8,4,33554432,1,7132.33,7686.74,ms
with-id-compression,submitBlocks,1024,4,33554432,1,1891.01,2003.17,ms
with-id-compression,submitBlocks,1024,4,33554432,1,1805.1,1935.92,ms
with-id-compression,submitBlocks,1024,4,33554432,1,1776.49,1905.47,ms
with-id-compression,submitBlocks,1024,4,33554432,1,1782.57,1914.64,ms
with-id-compression,submitBlocks,1024,4,33554432,1,1766.83,1899.44,ms
with-id-compression,submitBlocks,1048576,4,33554432,1,1728.62,1846.4,ms
with-id-compression,submitBlocks,1048576,4,33554432,1,1701.76,1823.75,ms
with-id-compression,submitBlocks,1048576,4,33554432,1,1719.93,1839.73,ms
with-id-compression,submitBlocks,1048576,4,33554432,1,1715.58,1835.28,ms
with-id-compression,submitBlocks,1048576,4,33554432,1,1694.61,1815.32,ms
with-id-compression,submitBlocks,8,2,67108864,1,8608.09,9651.96,ms
with-id-compression,submitBlocks,8,2,67108864,1,8583.07,9690.77,ms
with-id-compression,submitBlocks,8,2,67108864,1,8538.11,9549.46,ms
with-id-compression,submitBlocks,8,2,67108864,1,8627.3,9560.3,ms
with-id-compression,submitBlocks,8,2,67108864,1,8528.75,9612.68,ms
with-id-compression,submitBlocks,1024,2,67108864,1,1566.31,1765.78,ms
with-id-compression,submitBlocks,1024,2,67108864,1,1512.38,1754.75,ms
with-id-compression,submitBlocks,1024,2,67108864,1,1515.38,1746.49,ms
with-id-compression,submitBlocks,1024,2,67108864,1,1505.97,1738.91,ms
with-id-compression,submitBlocks,1024,2,67108864,1,1505.7,1738.17,ms
with-id-compression,submitBlocks,1048576,2,67108864,1,1483.42,1687.38,ms
with-id-compression,submitBlocks,1048576,2,67108864,1,1463.74,1675.01,ms
with-id-compression,submitBlocks,1048576,2,67108864,1,1451.07,1662.74,ms
with-id-compression,submitBlocks,1048576,2,67108864,1,1445.21,1660.37,ms
with-id-compression,submitBlocks,1048576,2,67108864,1,1449.96,1662.73,ms
with-id-compression,submitBlocks,8,3,67108864,1,11311.6,12236.1,ms
with-id-compression,submitBlocks,8,3,67108864,1,11297.5,12351.2,ms
with-id-compression,submitBlocks,8,3,67108864,1,11362.2,12485.2,ms
with-id-compression,submitBlocks,8,3,67108864,1,11329.1,12362.6,ms
with-id-compression,submitBlocks,8,3,67108864,1,11343.7,12360.4,ms
with-id-compression,submitBlocks,1024,3,67108864,1,2562.9,2784.86,ms
with-id-compression,submitBlocks,1024,3,67108864,1,2293.64,2539.55,ms
with-id-compression,submitBlocks,1024,3,67108864,1,2276.21,2529.38,ms
with-id-compression,submitBlocks,1024,3,67108864,1,2303.03,2556.83,ms
with-id-compression,submitBlocks,1024,3,67108864,1,2282.6,2536.18,ms
with-id-compression,submitBlocks,1048576,3,67108864,1,2260.6,2488.13,ms
with-id-compression,submitBlocks,1048576,3,67108864,1,2252.09,2481.36,ms
with-id-compression,submitBlocks,1048576,3,67108864,1,2262.34,2490.36,ms
with-id-compression,submitBlocks,1048576,3,67108864,1,2251.49,2482.97,ms
with-id-compression,submitBlocks,1048576,3,67108864,1,2276.34,2507.12,ms
with-id-compression,submitBlocks,8,4,67108864,1,14358.5,15310.3,ms
with-id-compression,submitBlocks,8,4,67108864,1,14354.3,15412.7,ms
with-id-compression,submitBlocks,8,4,67108864,1,14339.9,15455.6,ms
with-id-compression,submitBlocks,8,4,67108864,1,14360.1,15313.9,ms
with-id-compression,submitBlocks,8,4,67108864,1,14361.4,15423,ms
with-id-compression,submitBlocks,1024,4,67108864,1,3756.75,4045.28,ms
with-id-compression,submitBlocks,1024,4,67108864,1,3445.57,3700.62,ms
with-id-compression,submitBlocks,1024,4,67108864,1,3512.53,3766.43,ms
with-id-compression,submitBlocks,1024,4,67108864,1,3506.04,3767.28,ms
with-id-compression,submitBlocks,1024,4,67108864,1,3440.04,3700.76,ms
with-id-compression,submitBlocks,1048576,4,67108864,1,3397.14,3638.14,ms
with-id-compression,submitBlocks,1048576,4,67108864,1,3431.95,3679.76,ms
with-id-compression,submitBlocks,1048576,4,67108864,1,3418.18,3657.85,ms
with-id-compression,submitBlocks,1048576,4,67108864,1,3353.67,3595.32,ms
with-id-compression,submitBlocks,1048576,4,67108864,1,3397.07,3631.4,ms
with-id-compression,pushBlocks,8,2,1048576,1,530.957,534.874,ms
with-id-compression,pushBlocks,8,2,1048576,1,58.1225,63.4144,ms
with-id-compression,pushBlocks,8,2,1048576,1,13.5602,19.1458,ms
with-id-compression,pushBlocks,8,2,1048576,1,58.9834,64.4492,ms
with-id-compression,pushBlocks,8,2,1048576,1,59.3237,64.7331,ms
with-id-compression,pushBlocks,1024,2,1048576,202,3.57776,3.61161,ms
with-id-compression,pushBlocks,1024,2,1048576,202,3.65472,3.68868,ms
with-id-compression,pushBlocks,1024,2,1048576,202,3.44433,3.47824,ms
with-id-compression,pushBlocks,1024,2,1048576,202,3.51841,3.55253,ms
with-id-compression,pushBlocks,1024,2,1048576,202,3.44787,3.48046,ms
with-id-compression,pushBlocks,1048576,2,1048576,131,5.35686,5.33338,ms
with-id-compression,pushBlocks,1048576,2,1048576,131,5.35079,5.32946,ms
with-id-compression,pushBlocks,1048576,2,1048576,131,5.34684,5.32065,ms
with-id-compression,pushBlocks,1048576,2,1048576,131,5.34716,5.32203,ms
with-id-compression,pushBlocks,1048576,2,1048576,131,5.34348,5.32038,ms
with-id-compression,pushBlocks,8,3,1048576,40,15.7057,21.6355,ms
with-id-compression,pushBlocks,8,3,1048576,40,14.6351,20.5215,ms
with-id-compression,pushBlocks,8,3,1048576,40,14.5851,20.4774,ms
with-id-compression,pushBlocks,8,3,1048576,40,15.2365,21.106,ms
with-id-compression,pushBlocks,8,3,1048576,40,14.9127,21.087,ms
with-id-compression,pushBlocks,1024,3,1048576,171,3.99781,4.02955,ms
with-id-compression,pushBlocks,1024,3,1048576,171,3.98702,4.0199,ms
with-id-compression,pushBlocks,1024,3,1048576,171,3.96422,3.99453,ms
with-id-compression,pushBlocks,1024,3,1048576,171,3.97015,4.00196,ms
with-id-compression,pushBlocks,1024,3,1048576,171,3.97244,4.00492,ms
with-id-compression,pushBlocks,1048576,3,1048576,75,9.39654,9.3551,ms
with-id-compression,pushBlocks,1048576,3,1048576,75,9.36642,9.32077,ms
with-id-compression,pushBlocks,1048576,3,1048576,75,9.3582,9.313,ms
with-id-compression,pushBlocks,1048576,3,1048576,75,9.36024,9.31262,ms
with-id-compression,pushBlocks,1048576,3,1048576,75,9.47289,9.42858,ms
with-id-compression,pushBlocks,8,4,1048576,47,14.903,20.7692,ms
with-id-compression,pushBlocks,8,4,1048576,47,14.9112,20.8204,ms
with-id-compression,pushBlocks,8,4,1048576,47,15.0609,20.9431,ms
with-id-compression,pushBlocks,8,4,1048576,47,14.9552,20.8563,ms
with-id-compression,pushBlocks,8,4,1048576,47,15.0092,20.9247,ms
with-id-compression,pushBlocks,1024,4,1048576,145,4.81257,4.83797,ms
with-id-compression,pushBlocks,1024,4,1048576,145,4.87014,4.89156,ms
with-id-compression,pushBlocks,1024,4,1048576,145,4.89707,4.91635,ms
with-id-compression,pushBlocks,1024,4,1048576,145,4.88975,4.91402,ms
with-id-compression,pushBlocks,1024,4,1048576,145,5.17286,5.19602,ms
with-id-compression,pushBlocks,1048576,4,1048576,52,13.338,13.2776,ms
with-id-compression,pushBlocks,1048576,4,1048576,52,13.3343,13.2766,ms
with-id-compression,pushBlocks,1048576,4,1048576,52,14.2606,14.1969,ms
with-id-compression,pushBlocks,1048576,4,1048576,52,13.3479,13.2778,ms
with-id-compression,pushBlocks,1048576,4,1048576,52,13.3376,13.2721,ms
with-id-compression,pushBlocks,8,2,16777216,3,225.888,327.997,ms
with-id-compression,pushBlocks,8,2,16777216,3,231.682,318.393,ms
with-id-compression,pushBlocks,8,2,16777216,3,219.182,315.706,ms
with-id-compression,pushBlocks,8,2,16777216,3,220.047,312.943,ms
with-id-compression,pushBlocks,8,2,16777216,3,226.976,318.348,ms
with-id-compression,pushBlocks,1024,2,16777216,10,71.6098,71.7924,ms
with-id-compression,pushBlocks,1024,2,16777216,10,71.3625,71.6307,ms
with-id-compression,pushBlocks,1024,2,16777216,10,71.2478,71.4971,ms
with-id-compression,pushBlocks,1024,2,16777216,10,71.2082,71.4707,ms
with-id-compression,pushBlocks,1024,2,16777216,10,71.1891,71.507,ms
with-id-compression,pushBlocks,1048576,2,16777216,10,65.1124,64.7498,ms
with-id-compression,pushBlocks,1048576,2,16777216,10,65.1894,64.6397,ms
with-id-compression,pushBlocks,1048576,2,16777216,10,64.6124,64.0495,ms
with-id-compression,pushBlocks,1048576,2,16777216,10,63.6052,63.0932,ms
with-id-compression,pushBlocks,1048576,2,16777216,10,63.7297,63.2358,ms
with-id-compression,pushBlocks,8,3,16777216,3,265.398,358.428,ms
with-id-compression,pushBlocks,8,3,16777216,3,249.873,345.167,ms
with-id-compression,pushBlocks,8,3,16777216,3,252.509,345.786,ms
with-id-compression,pushBlocks,8,3,16777216,3,252.451,347.127,ms
with-id-compression,pushBlocks,8,3,16777216,3,246.159,345.279,ms
with-id-compression,pushBlocks,1024,3,16777216,8,87.7553,86.9514,ms
with-id-compression,pushBlocks,1024,3,16777216,8,87.4286,87.1466,ms
with-id-compression,pushBlocks,1024,3,16777216,8,85.7262,85.5458,ms
with-id-compression,pushBlocks,1024,3,16777216,8,84.3161,84.0291,ms
with-id-compression,pushBlocks,1024,3,16777216,8,88.0398,87.9987,ms
with-id-compression,pushBlocks,1048576,3,16777216,8,91.7445,91.1259,ms
with-id-compression,pushBlocks,1048576,3,16777216,8,91.7522,91.0268,ms
with-id-compression,pushBlocks,1048576,3,16777216,8,91.3232,90.6073,ms
with-id-compression,pushBlocks,1048576,3,16777216,8,91.9641,91.2931,ms
with-id-compression,pushBlocks,1048576,3,16777216,8,94.1128,93.3126,ms
with-id-compression,pushBlocks,8,4,16777216,3,264.591,354.143,ms
with-id-compression,pushBlocks,8,4,16777216,3,249.911,345.971,ms
with-id-compression,pushBlocks,8,4,16777216,3,249.901,347.118,ms
with-id-compression,pushBlocks,8,4,16777216,3,240.943,338.204,ms
with-id-compression,pushBlocks,8,4,16777216,3,237.455,333.714,ms
with-id-compression,pushBlocks,1024,4,16777216,7,98.1632,92.9464,ms
with-id-compression,pushBlocks,1024,4,16777216,7,95.2626,89.9013,ms
with-id-compression,pushBlocks,1024,4,16777216,7,97.6978,92.3299,ms
with-id-compression,pushBlocks,1024,4,16777216,7,96.9457,91.4829,ms
with-id-compression,pushBlocks,1024,4,16777216,7,97.9752,92.5526,ms
with-id-compression,pushBlocks,1048576,4,16777216,6,93.2984,86.4113,ms
with-id-compression,pushBlocks,1048576,4,16777216,6,94.2637,87.518,ms
with-id-compression,pushBlocks,1048576,4,16777216,6,93.0226,86.0763,ms
with-id-compression,pushBlocks,1048576,4,16777216,6,96.0934,89.1444,ms
with-id-compression,pushBlocks,1048576,4,16777216,6,95.1597,88.3033,ms
with-id-compression,pushBlocks,8,2,33554432,1,656.906,804.572,ms
with-id-compression,pushBlocks,8,2,33554432,1,534.644,681.31,ms
with-id-compression,pushBlocks,8,2,33554432,1,596.408,752.991,ms
with-id-compression,pushBlocks,8,2,33554432,1,530.546,709.477,ms
with-id-compression,pushBlocks,8,2,33554432,1,528.484,693.897,ms
with-id-compression,pushBlocks,1024,2,33554432,4,152.471,140.11,ms
with-id-compression,pushBlocks,1024,2,33554432,4,154.422,141.948,ms
with-id-compression,pushBlocks,1024,2,33554432,4,158.613,146.385,ms
with-id-compression,pushBlocks,1024,2,33554432,4,154.677,142.244,ms
with-id-compression,pushBlocks,1024,2,33554432,4,157.252,146.476,ms
with-id-compression,pushBlocks,1048576,2,33554432,4,142.742,127.461,ms
with-id-compression,pushBlocks,1048576,2,33554432,4,140.932,125.584,ms
with-id-compression,pushBlocks,1048576,2,33554432,4,141.777,126.23,ms
with-id-compression,pushBlocks,1048576,2,33554432,4,140.509,125.504,ms
with-id-compression,pushBlocks,1048576,2,33554432,4,143.032,127.49,ms
with-id-compression,pushBlocks,8,3,33554432,1,769.46,964.915,ms
with-id-compression,pushBlocks,8,3,33554432,1,793.125,919.919,ms
with-id-compression,pushBlocks,8,3,33554432,1,791.912,988.859,ms
with-id-compression,pushBlocks,8,3,33554432,1,808.971,981.844,ms
with-id-compression,pushBlocks,8,3,33554432,1,831.416,1000.44,ms
with-id-compression,pushBlocks,1024,3,33554432,3,172.939,172.74,ms
with-id-compression,pushBlocks,1024,3,33554432,3,174.18,173.438,ms
with-id-compression,pushBlocks,1024,3,33554432,3,174.377,173.193,ms
with-id-compression,pushBlocks,1024,3,33554432,3,171.085,170.034,ms
with-id-compression,pushBlocks,1024,3,33554432,3,170.524,169.275,ms
with-id-compression,pushBlocks,1048576,3,33554432,3,173.666,171.154,ms
with-id-compression,pushBlocks,1048576,3,33554432,3,179.74,177.091,ms
with-id-compression,pushBlocks,1048576,3,33554432,3,170.098,166.732,ms
with-id-compression,pushBlocks,1048576,3,33554432,3,174.024,172.006,ms
with-id-compression,pushBlocks,1048576,3,33554432,3,173.592,170.366,ms
with-id-compression,pushBlocks,8,4,33554432,1,1088.19,1298.88,ms
with-id-compression,pushBlocks,8,4,33554432,1,1163.83,1370.87,ms
with-id-compression,pushBlocks,8,4,33554432,1,1148.02,1348.35,ms
with-id-compression,pushBlocks,8,4,33554432,1,1144.37,1335.46,ms
with-id-compression,pushBlocks,8,4,33554432,1,1162.72,1359.1,ms
with-id-compression,pushBlocks,1024,4,33554432,3,196.587,180.96,ms
with-id-compression,pushBlocks,1024,4,33554432,3,195.738,178.403,ms
with-id-compression,pushBlocks,1024,4,33554432,3,194.554,180.356,ms
with-id-compression,pushBlocks,1024,4,33554432,3,197.483,183.415,ms
with-id-compression,pushBlocks,1024,4,33554432,3,197.779,182.819,ms
with-id-compression,pushBlocks,1048576,4,33554432,3,188.035,175.596,ms
with-id-compression,pushBlocks,1048576,4,33554432,3,181.703,166.795,ms
with-id-compression,pushBlocks,1048576,4,33554432,3,188.989,172.663,ms
with-id-compression,pushBlocks,1048576,4,33554432,3,178.873,165.079,ms
with-id-compression,pushBlocks,1048576,4,33554432,3,185.935,171.543,ms
with-id-compression,pushBlocks,8,2,67108864,1,1789.2,2149.42,ms
with-id-compression,pushBlocks,8,2,67108864,1,1809.22,2039.99,ms
with-id-compression,pushBlocks,8,2,67108864,1,1779.2,2036.9,ms
with-id-compression,pushBlocks,8,2,67108864,1,1831.36,2076.59,ms
with-id-compression,pushBlocks,8,2,67108864,1,1861.38,2118.07,ms
with-id-compression,pushBlocks,1024,2,67108864,1,1099.04,979.609,ms
with-id-compression,pushBlocks,1024,2,67108864,1,1164.56,1063.54,ms
with-id-compression,pushBlocks,1024,2,67108864,1,1164.21,1056.44,ms
with-id-compression,pushBlocks,1024,2,67108864,1,1128.96,1021.37,ms
with-id-compression,pushBlocks,1024,2,67108864,1,1144.16,1043.31,ms
with-id-compression,pushBlocks,1048576,2,67108864,1,1145.95,1028.36,ms
with-id-compression,pushBlocks,1048576,2,67108864,1,1137.85,999.621,ms
with-id-compression,pushBlocks,1048576,2,67108864,1,1139.16,1041.12,ms
with-id-compression,pushBlocks,1048576,2,67108864,1,1109.68,992.485,ms
with-id-compression,pushBlocks,1048576,2,67108864,1,1142.27,1016.34,ms
with-id-compression,pushBlocks,8,3,67108864,1,2467.49,2688.97,ms
with-id-compression,pushBlocks,8,3,67108864,1,2465.89,2687.82,ms
with-id-compression,pushBlocks,8,3,67108864,1,2470.66,2692.87,ms
with-id-compression,pushBlocks,8,3,67108864,1,2459.16,2681.31,ms
with-id-compression,pushBlocks,8,3,67108864,1,2479.77,2695.15,ms
with-id-compression,pushBlocks,1024,3,67108864,1,1617.36,1599.14,ms
with-id-compression,pushBlocks,1024,3,67108864,1,1588.02,1561.88,ms
with-id-compression,pushBlocks,1024,3,67108864,1,1415.93,1398.77,ms
with-id-compression,pushBlocks,1024,3,67108864,1,1478.29,1472.73,ms
with-id-compression,pushBlocks,1024,3,67108864,1,1380.95,1359.96,ms
with-id-compression,pushBlocks,1048576,3,67108864,1,1606.36,1578.74,ms
with-id-compression,pushBlocks,1048576,3,67108864,1,1366.12,1348.72,ms
with-id-compression,pushBlocks,1048576,3,67108864,1,1471.59,1451.32,ms
with-id-compression,pushBlocks,1048576,3,67108864,1,1361.37,1347.28,ms
with-id-compression,pushBlocks,1048576,3,67108864,1,1480.04,1466.17,ms
with-id-compression,pushBlocks,8,4,67108864,1,3162.43,3348.79,ms
with-id-compression,pushBlocks,8,4,67108864,1,3026.3,3304.59,ms
with-id-compression,pushBlocks,8,4,67108864,1,3040.13,3376.68,ms
with-id-compression,pushBlocks,8,4,67108864,1,2842.04,3192.19,ms
with-id-compression,pushBlocks,8,4,67108864,1,3145.61,3371.52,ms
with-id-compression,pushBlocks,1024,4,67108864,1,1308.49,1288.35,ms
with-id-compression,pushBlocks,1024,4,67108864,1,1852.05,1837.67,ms
with-id-compression,pushBlocks,1024,4,67108864,1,1538.99,1502.2,ms
with-id-compression,pushBlocks,1024,4,67108864,1,1479.49,1466.61,ms
with-id-compression,pushBlocks,1024,4,67108864,1,1502.42,1462.83,ms
with-id-compression,pushBlocks,1048576,4,67108864,1,1482.38,1473.84,ms
with-id-compression,pushBlocks,1048576,4,67108864,1,1493.76,1466.51,ms
with-id-compression,pushBlocks,1048576,4,67108864,1,1470.15,1461.16,ms
with-id-compression,pushBlocks,1048576,4,67108864,1,1474.44,1457.36,ms
with-id-compression,pushBlocks,1048576,4,67108864,1,1478.17,1449.89,ms
without-id-compression,submitBlocks,8,2,1048576,1,687.38,686.464,ms
without-id-compression,submitBlocks,8,2,1048576,1,643.201,656.068,ms
without-id-compression,submitBlocks,8,2,1048576,1,641.355,650.424,ms
without-id-compression,submitBlocks,8,2,1048576,1,640.414,651.008,ms
without-id-compression,submitBlocks,8,2,1048576,1,644.654,657.49,ms
without-id-compression,submitBlocks,1024,2,1048576,60,11.5697,14.7653,ms
without-id-compression,submitBlocks,1024,2,1048576,60,11.5899,14.789,ms
without-id-compression,submitBlocks,1024,2,1048576,60,11.7152,14.9287,ms
without-id-compression,submitBlocks,1024,2,1048576,60,11.5213,14.7255,ms
without-id-compression,submitBlocks,1024,2,1048576,60,11.5231,14.7303,ms
without-id-compression,submitBlocks,1048576,2,1048576,95,7.50814,10.5277,ms
without-id-compression,submitBlocks,1048576,2,1048576,95,7.35387,10.354,ms
without-id-compression,submitBlocks,1048576,2,1048576,95,7.37107,10.3629,ms
without-id-compression,submitBlocks,1048576,2,1048576,95,7.35406,10.364,ms
without-id-compression,submitBlocks,1048576,2,1048576,95,7.35465,10.3513,ms
without-id-compression,submitBlocks,8,3,1048576,1,892.788,906.106,ms
without-id-compression,submitBlocks,8,3,1048576,1,882.156,891.395,ms
without-id-compression,submitBlocks,8,3,1048576,1,882.698,892.938,ms
without-id-compression,submitBlocks,8,3,1048576,1,878.719,889.106,ms
without-id-compression,submitBlocks,8,3,1048576,1,877.053,887.412,ms
without-id-compression,submitBlocks,1024,3,1048576,36,19.2781,22.5131,ms
without-id-compression,submitBlocks,1024,3,1048576,36,19.4455,22.7142,ms
without-id-compression,submitBlocks,1024,3,1048576,36,19.3692,22.6001,ms
without-id-compression,submitBlocks,1024,3,1048576,36,19.3496,22.5883,ms
without-id-compression,submitBlocks,1024,3,1048576,36,19.3509,22.591,ms
without-id-compression,submitBlocks,1048576,3,1048576,53,12.9482,15.985,ms
without-id-compression,submitBlocks,1048576,3,1048576,53,13.2749,16.3077,ms
without-id-compression,submitBlocks,1048576,3,1048576,53,13.2304,16.262,ms
without-id-compression,submitBlocks,1048576,3,1048576,53,13.3272,16.3613,ms
without-id-compression,submitBlocks,1048576,3,1048576,53,13.2541,16.286,ms
without-id-compression,submitBlocks,8,4,1048576,1,1145.36,1156.97,ms
without-id-compression,submitBlocks,8,4,1048576,1,1129.72,1138.93,ms
without-id-compression,submitBlocks,8,4,1048576,1,1129.18,1139.41,ms
without-id-compression,submitBlocks,8,4,1048576,1,1130.21,1140.2,ms
without-id-compression,submitBlocks,8,4,1048576,1,1128.43,1138.64,ms
without-id-compression,submitBlocks,1024,4,1048576,23,30.3686,33.5017,ms
without-id-compression,submitBlocks,1024,4,1048576,23,30.3857,33.5175,ms
without-id-compression,submitBlocks,1024,4,1048576,23,30.2779,33.4198,ms
without-id-compression,submitBlocks,1024,4,1048576,23,30.2772,33.4175,ms
without-id-compression,submitBlocks,1024,4,1048576,23,30.2751,33.4731,ms
without-id-compression,submitBlocks,1048576,4,1048576,34,20.2562,23.2335,ms
without-id-compression,submitBlocks,1048576,4,1048576,34,20.2961,23.2805,ms
without-id-compression,submitBlocks,1048576,4,1048576,34,20.3418,23.3274,ms
without-id-compression,submitBlocks,1048576,4,1048576,34,20.5006,23.4913,ms
without-id-compression,submitBlocks,1048576,4,1048576,34,20.5175,23.4935,ms
without-id-compression,submitBlocks,8,2,16777216,1,10169.6,10427.2,ms
without-id-compression,submitBlocks,8,2,16777216,1,10149.1,10348.3,ms
without-id-compression,submitBlocks,8,2,16777216,1,10200.5,10394.4,ms
without-id-compression,submitBlocks,8,2,16777216,1,10205.2,10364.8,ms
without-id-compression,submitBlocks,8,2,16777216,1,10176.8,10386.9,ms
without-id-compression,submitBlocks,1024,2,16777216,1,628.936,653.679,ms
without-id-compression,submitBlocks,1024,2,16777216,1,342.452,397.432,ms
without-id-compression,submitBlocks,1024,2,16777216,1,348.337,405.387,ms
without-id-compression,submitBlocks,1024,2,16777216,1,347.432,404.157,ms
without-id-compression,submitBlocks,1024,2,16777216,1,347.294,404.451,ms
without-id-compression,submitBlocks,1048576,2,16777216,2,292.816,346.091,ms
without-id-compression,submitBlocks,1048576,2,16777216,2,293.007,345.994,ms
without-id-compression,submitBlocks,1048576,2,16777216,2,293.668,346.501,ms
without-id-compression,submitBlocks,1048576,2,16777216,2,292.706,345.986,ms
without-id-compression,submitBlocks,1048576,2,16777216,2,292.622,346.151,ms
without-id-compression,submitBlocks,8,3,16777216,1,13991.1,14132,ms
without-id-compression,submitBlocks,8,3,16777216,1,14046.3,14251.2,ms
without-id-compression,submitBlocks,8,3,16777216,1,13991.8,14131.6,ms
without-id-compression,submitBlocks,8,3,16777216,1,14031.8,14203.4,ms
without-id-compression,submitBlocks,8,3,16777216,1,13961.4,14112.8,ms
without-id-compression,submitBlocks,1024,3,16777216,1,1023.89,1093.73,ms
without-id-compression,submitBlocks,1024,3,16777216,1,618.544,674.1,ms
without-id-compression,submitBlocks,1024,3,16777216,1,596.665,658.885,ms
without-id-compression,submitBlocks,1024,3,16777216,1,592.066,655.133,ms
without-id-compression,submitBlocks,1024,3,16777216,1,592.957,655.99,ms
without-id-compression,submitBlocks,1048576,3,16777216,1,550.458,603.562,ms
without-id-compression,submitBlocks,1048576,3,16777216,1,499.178,556.251,ms
without-id-compression,submitBlocks,1048576,3,16777216,1,501.644,558.524,ms
without-id-compression,submitBlocks,1048576,3,16777216,1,501.417,559.098,ms
without-id-compression,submitBlocks,1048576,3,16777216,1,496.961,554.682,ms
without-id-compression,submitBlocks,8,4,16777216,1,18096.6,18267.2,ms
without-id-compression,submitBlocks,8,4,16777216,1,18170.3,18330,ms
without-id-compression,submitBlocks,8,4,16777216,1,18195.3,18393.2,ms
without-id-compression,submitBlocks,8,4,16777216,1,18133.8,18247,ms
without-id-compression,submitBlocks,8,4,16777216,1,18134,18291.9,ms
without-id-compression,submitBlocks,1024,4,16777216,1,1455.31,1511.42,ms
without-id-compression,submitBlocks,1024,4,16777216,1,849.488,915.738,ms
without-id-compression,submitBlocks,1024,4,16777216,1,849.275,913.124,ms
without-id-compression,submitBlocks,1024,4,16777216,1,822.279,888.213,ms
without-id-compression,submitBlocks,1024,4,16777216,1,816.382,883.212,ms
without-id-compression,submitBlocks,1048576,4,16777216,1,732.949,790.966,ms
without-id-compression,submitBlocks,1048576,4,16777216,1,668.552,726.794,ms
without-id-compression,submitBlocks,1048576,4,16777216,1,663.421,722.276,ms
without-id-compression,submitBlocks,1048576,4,16777216,1,669.51,728.488,ms
without-id-compression,submitBlocks,1048576,4,16777216,1,672.65,731.708,ms
without-id-compression,submitBlocks,8,2,33554432,1,20393.3,20747.4,ms
without-id-compression,submitBlocks,8,2,33554432,1,20376.3,20867.9,ms
without-id-compression,submitBlocks,8,2,33554432,1,20393.6,20818.6,ms
without-id-compression,submitBlocks,8,2,33554432,1,20391.3,20842.3,ms
without-id-compression,submitBlocks,8,2,33554432,1,20360.4,20771.2,ms
without-id-compression,submitBlocks,1024,2,33554432,1,1321.16,1417.05,ms
without-id-compression,submitBlocks,1024,2,33554432,1,797.101,901.576,ms
without-id-compression,submitBlocks,1024,2,33554432,1,775.671,894.396,ms
without-id-compression,submitBlocks,1024,2,33554432,1,765.548,886.787,ms
without-id-compression,submitBlocks,1024,2,33554432,1,766.298,884.868,ms
without-id-compression,submitBlocks,1048576,2,33554432,1,667.722,768.902,ms
without-id-compression,submitBlocks,1048576,2,33554432,1,682.307,787.429,ms
without-id-compression,submitBlocks,1048576,2,33554432,1,682.524,790.213,ms
without-id-compression,submitBlocks,1048576,2,33554432,1,677.199,784.898,ms
without-id-compression,submitBlocks,1048576,2,33554432,1,687.74,794.058,ms
without-id-compression,submitBlocks,8,3,33554432,1,27956.5,28352,ms
without-id-compression,submitBlocks,8,3,33554432,1,28005.5,28486.8,ms
without-id-compression,submitBlocks,8,3,33554432,1,37659.7,38064.6,ms
without-id-compression,submitBlocks,8,3,33554432,1,30040.3,30426.4,ms
without-id-compression,submitBlocks,8,3,33554432,1,28017.6,28494.2,ms
without-id-compression,submitBlocks,1024,3,33554432,1,2078.89,2162.61,ms
without-id-compression,submitBlocks,1024,3,33554432,1,1258.5,1381.68,ms
without-id-compression,submitBlocks,1024,3,33554432,1,1270.55,1399.55,ms
without-id-compression,submitBlocks,1024,3,33554432,1,1259.24,1385.85,ms
without-id-compression,submitBlocks,1024,3,33554432,1,1269.42,1392.38,ms
without-id-compression,submitBlocks,1048576,3,33554432,1,1129.32,1241.57,ms
without-id-compression,submitBlocks,1048576,3,33554432,1,1110.72,1224.82,ms
without-id-compression,submitBlocks,1048576,3,33554432,1,1113.88,1226.48,ms
without-id-compression,submitBlocks,1048576,3,33554432,1,1099.95,1215.32,ms
without-id-compression,submitBlocks,1048576,3,33554432,1,1109.82,1223.86,ms
without-id-compression,submitBlocks,8,4,33554432,1,36128.1,36565.4,ms
without-id-compression,submitBlocks,8,4,33554432,1,36221,36606.2,ms
without-id-compression,submitBlocks,8,4,33554432,1,36224.7,36632.5,ms
without-id-compression,submitBlocks,8,4,33554432,1,36225,36615,ms
without-id-compression,submitBlocks,8,4,33554432,1,36196.1,36632.7,ms
without-id-compression,submitBlocks,1024,4,33554432,1,2927.19,3021.53,ms
without-id-compression,submitBlocks,1024,4,33554432,1,1833.03,1960.82,ms
without-id-compression,submitBlocks,1024,4,33554432,1,1817.95,1947.06,ms
without-id-compression,submitBlocks,1024,4,33554432,1,1811.57,1940.98,ms
without-id-compression,submitBlocks,1024,4,33554432,1,1809.99,1938.92,ms
without-id-compression,submitBlocks,1048576,4,33554432,1,1672.9,1793.28,ms
without-id-compression,submitBlocks,1048576,4,33554432,1,1542.21,1663.49,ms
without-id-compression,submitBlocks,1048576,4,33554432,1,1569.86,1693.12,ms
without-id-compression,submitBlocks,1048576,4,33554432,1,1574.25,1693.43,ms
without-id-compression,submitBlocks,1048576,4,33554432,1,1590.74,1713.58,ms
without-id-compression,submitBlocks,8,2,67108864,1,40626.1,41609,ms
without-id-compression,submitBlocks,8,2,67108864,1,40813.8,41640.8,ms
without-id-compression,submitBlocks,8,2,67108864,1,40754,41756.9,ms
without-id-compression,submitBlocks,8,2,67108864,1,40825.3,41557.7,ms
without-id-compression,submitBlocks,8,2,67108864,1,40803.5,41804.3,ms
without-id-compression,submitBlocks,1024,2,67108864,1,2636.43,2799.71,ms
without-id-compression,submitBlocks,1024,2,67108864,1,1494.39,1745.82,ms
without-id-compression,submitBlocks,1024,2,67108864,1,1482.06,1707.76,ms
without-id-compression,submitBlocks,1024,2,67108864,1,1500.44,1733.09,ms
without-id-compression,submitBlocks,1024,2,67108864,1,1500.53,1733.63,ms
without-id-compression,submitBlocks,1048576,2,67108864,1,1287.84,1501.3,ms
without-id-compression,submitBlocks,1048576,2,67108864,1,1255.86,1468.05,ms
without-id-compression,submitBlocks,1048576,2,67108864,1,1253.57,1464.93,ms
without-id-compression,submitBlocks,1048576,2,67108864,1,1265.43,1475.26,ms
without-id-compression,submitBlocks,1048576,2,67108864,1,1256.73,1478.94,ms
without-id-compression,submitBlocks,8,3,67108864,1,55899.2,56741.3,ms
without-id-compression,submitBlocks,8,3,67108864,1,56046,56865.6,ms
without-id-compression,submitBlocks,8,3,67108864,1,56046.7,57163.6,ms
without-id-compression,submitBlocks,8,3,67108864,1,56061.5,56800.9,ms
without-id-compression,submitBlocks,8,3,67108864,1,56133.4,57106.7,ms
without-id-compression,submitBlocks,1024,3,67108864,1,4200.18,4306.35,ms
without-id-compression,submitBlocks,1024,3,67108864,1,2641.63,2884.88,ms
without-id-compression,submitBlocks,1024,3,67108864,1,2631.62,2878.06,ms
without-id-compression,submitBlocks,1024,3,67108864,1,2605.81,2855.18,ms
without-id-compression,submitBlocks,1024,3,67108864,1,2628.73,2870.48,ms
without-id-compression,submitBlocks,1048576,3,67108864,1,2348.95,2576.31,ms
without-id-compression,submitBlocks,1048576,3,67108864,1,2224.32,2451.56,ms
without-id-compression,submitBlocks,1048576,3,67108864,1,2235.3,2462.71,ms
without-id-compression,submitBlocks,1048576,3,67108864,1,2262.91,2496.19,ms
without-id-compression,submitBlocks,1048576,3,67108864,1,2279.01,2503.24,ms
without-id-compression,submitBlocks,8,4,67108864,1,72283.8,73212.3,ms
without-id-compression,submitBlocks,8,4,67108864,1,72447.9,73346,ms
without-id-compression,submitBlocks,8,4,67108864,1,72442.6,73142.9,ms
without-id-compression,submitBlocks,8,4,67108864,1,72586.5,73449.2,ms
without-id-compression,submitBlocks,8,4,67108864,1,72579.6,73425.9,ms
without-id-compression,submitBlocks,1024,4,67108864,1,5883.92,6097.1,ms
without-id-compression,submitBlocks,1024,4,67108864,1,3690.24,3934.6,ms
without-id-compression,submitBlocks,1024,4,67108864,1,3741.92,4001.51,ms
without-id-compression,submitBlocks,1024,4,67108864,1,3731.62,3992.47,ms
without-id-compression,submitBlocks,1024,4,67108864,1,3659.42,3919.36,ms
without-id-compression,submitBlocks,1048576,4,67108864,1,3488.27,3733.19,ms
without-id-compression,submitBlocks,1048576,4,67108864,1,3438.63,3683.32,ms
without-id-compression,submitBlocks,1048576,4,67108864,1,3445.39,3687.26,ms
without-id-compression,submitBlocks,1048576,4,67108864,1,3396.68,3642.21,ms
without-id-compression,submitBlocks,1048576,4,67108864,1,3409.25,3657.83,ms
without-id-compression,pushBlocks,8,2,1048576,1,735.332,737.924,ms
without-id-compression,pushBlocks,8,2,1048576,1,269.488,274.405,ms
without-id-compression,pushBlocks,8,2,1048576,1,274.353,278.982,ms
without-id-compression,pushBlocks,8,2,1048576,1,54.8453,60.2207,ms
without-id-compression,pushBlocks,8,2,1048576,1,56.8331,61.9039,ms
without-id-compression,pushBlocks,1024,2,1048576,177,4.02061,4.05803,ms
without-id-compression,pushBlocks,1024,2,1048576,177,4.03688,4.07434,ms
without-id-compression,pushBlocks,1024,2,1048576,177,4.0345,4.07157,ms
without-id-compression,pushBlocks,1024,2,1048576,177,3.94473,3.9816,ms
without-id-compression,pushBlocks,1024,2,1048576,177,3.95812,3.99614,ms
without-id-compression,pushBlocks,1048576,2,1048576,124,5.65802,5.63663,ms
without-id-compression,pushBlocks,1048576,2,1048576,124,5.6646,5.64027,ms
without-id-compression,pushBlocks,1048576,2,1048576,124,5.73647,5.71504,ms
without-id-compression,pushBlocks,1048576,2,1048576,124,5.69092,5.66675,ms
without-id-compression,pushBlocks,1048576,2,1048576,124,5.6558,5.63321,ms
without-id-compression,pushBlocks,8,3,1048576,48,12.4855,18.4394,ms
without-id-compression,pushBlocks,8,3,1048576,48,11.8534,17.7417,ms
without-id-compression,pushBlocks,8,3,1048576,48,11.9685,17.8673,ms
without-id-compression,pushBlocks,8,3,1048576,48,12.2734,18.2303,ms
without-id-compression,pushBlocks,8,3,1048576,48,11.8199,17.7081,ms
without-id-compression,pushBlocks,1024,3,1048576,137,5.16489,5.19821,ms
without-id-compression,pushBlocks,1024,3,1048576,137,5.13531,5.16805,ms
without-id-compression,pushBlocks,1024,3,1048576,137,5.10655,5.14095,ms
without-id-compression,pushBlocks,1024,3,1048576,137,5.09141,5.12558,ms
without-id-compression,pushBlocks,1024,3,1048576,137,5.09692,5.13095,ms
without-id-compression,pushBlocks,1048576,3,1048576,70,9.76269,9.72853,ms
without-id-compression,pushBlocks,1048576,3,1048576,70,9.70339,9.66476,ms
without-id-compression,pushBlocks,1048576,3,1048576,70,9.70644,9.67358,ms
without-id-compression,pushBlocks,1048576,3,1048576,70,9.73274,9.68965,ms
without-id-compression,pushBlocks,1048576,3,1048576,70,9.75099,9.71417,ms
without-id-compression,pushBlocks,8,4,1048576,39,13.1911,19.1103,ms
without-id-compression,pushBlocks,8,4,1048576,39,13.3701,19.3504,ms
without-id-compression,pushBlocks,8,4,1048576,39,12.9564,18.8531,ms
without-id-compression,pushBlocks,8,4,1048576,39,12.7487,18.6561,ms
without-id-compression,pushBlocks,8,4,1048576,39,12.8153,18.7153,ms
without-id-compression,pushBlocks,1024,4,1048576,100,6.63104,6.65069,ms
without-id-compression,pushBlocks,1024,4,1048576,100,6.62387,6.64339,ms
without-id-compression,pushBlocks,1024,4,1048576,100,6.65069,6.67026,ms
without-id-compression,pushBlocks,1024,4,1048576,100,6.71901,6.73708,ms
without-id-compression,pushBlocks,1024,4,1048576,100,6.67734,6.69374,ms
without-id-compression,pushBlocks,1048576,4,1048576,50,13.8771,13.8218,ms
without-id-compression,pushBlocks,1048576,4,1048576,50,13.9574,13.9059,ms
without-id-compression,pushBlocks,1048576,4,1048576,50,13.972,13.9154,ms
without-id-compression,pushBlocks,1048576,4,1048576,50,13.871,13.8185,ms
without-id-compression,pushBlocks,1048576,4,1048576,50,13.8997,13.8471,ms
without-id-compression,pushBlocks,8,2,16777216,2,309.876,393.728,ms
without-id-compression,pushBlocks,8,2,16777216,2,313.718,395.883,ms
without-id-compression,pushBlocks,8,2,16777216,2,281.177,356.519,ms
without-id-compression,pushBlocks,8,2,16777216,2,276.554,361.78,ms
without-id-compression,pushBlocks,8,2,16777216,2,303.841,383.32,ms
without-id-compression,pushBlocks,1024,2,16777216,10,66.578,67.4014,ms
without-id-compression,pushBlocks,1024,2,16777216,10,66.7134,67.458,ms
without-id-compression,pushBlocks,1024,2,16777216,10,66.4025,67.259,ms
without-id-compression,pushBlocks,1024,2,16777216,10,66.679,67.4968,ms
without-id-compression,pushBlocks,1024,2,16777216,10,66.8892,67.6877,ms
without-id-compression,pushBlocks,1048576,2,16777216,11,66.5346,66.1252,ms
without-id-compression,pushBlocks,1048576,2,16777216,11,66.8285,66.4277,ms
without-id-compression,pushBlocks,1048576,2,16777216,11,66.3558,66.007,ms
without-id-compression,pushBlocks,1048576,2,16777216,11,66.1139,65.6828,ms
without-id-compression,pushBlocks,1048576,2,16777216,11,65.521,65.1304,ms
without-id-compression,pushBlocks,8,3,16777216,1,526.345,543.96,ms
without-id-compression,pushBlocks,8,3,16777216,1,470.942,530.883,ms
without-id-compression,pushBlocks,8,3,16777216,1,427.764,485.313,ms
without-id-compression,pushBlocks,8,3,16777216,1,376.54,430.942,ms
without-id-compression,pushBlocks,8,3,16777216,1,428.149,499.686,ms
without-id-compression,pushBlocks,1024,3,16777216,6,84.8542,85.4649,ms
without-id-compression,pushBlocks,1024,3,16777216,6,86.3756,86.9067,ms
without-id-compression,pushBlocks,1024,3,16777216,6,84.5577,85.0836,ms
without-id-compression,pushBlocks,1024,3,16777216,6,84.2743,84.8176,ms
without-id-compression,pushBlocks,1024,3,16777216,6,84.1758,84.6877,ms
without-id-compression,pushBlocks,1048576,3,16777216,8,91.7993,91.146,ms
without-id-compression,pushBlocks,1048576,3,16777216,8,91.9552,91.2622,ms
without-id-compression,pushBlocks,1048576,3,16777216,8,91.6722,91.047,ms
without-id-compression,pushBlocks,1048576,3,16777216,8,92.9921,92.3835,ms
without-id-compression,pushBlocks,1048576,3,16777216,8,90.8702,90.2869,ms
without-id-compression,pushBlocks,8,4,16777216,1,622.213,689.125,ms
without-id-compression,pushBlocks,8,4,16777216,1,512.891,570.737,ms
without-id-compression,pushBlocks,8,4,16777216,1,537.269,585.812,ms
without-id-compression,pushBlocks,8,4,16777216,1,501.431,561.417,ms
without-id-compression,pushBlocks,8,4,16777216,1,549.638,595.361,ms
without-id-compression,pushBlocks,1024,4,16777216,5,100.582,97.751,ms
without-id-compression,pushBlocks,1024,4,16777216,5,98.6896,95.7792,ms
without-id-compression,pushBlocks,1024,4,16777216,5,100.201,100.854,ms
without-id-compression,pushBlocks,1024,4,16777216,5,100.586,101.124,ms
without-id-compression,pushBlocks,1024,4,16777216,5,100.179,100.827,ms
without-id-compression,pushBlocks,1048576,4,16777216,6,97.5811,96.4637,ms
without-id-compression,pushBlocks,1048576,4,16777216,6,96.3142,95.1181,ms
without-id-compression,pushBlocks,1048576,4,16777216,6,94.047,92.9688,ms
without-id-compression,pushBlocks,1048576,4,16777216,6,97.7426,96.4496,ms
without-id-compression,pushBlocks,1048576,4,16777216,6,96.5014,95.2775,ms
without-id-compression,pushBlocks,8,2,33554432,1,602.791,793.821,ms
without-id-compression,pushBlocks,8,2,33554432,1,723.682,870.142,ms
without-id-compression,pushBlocks,8,2,33554432,1,797.78,949.72,ms
without-id-compression,pushBlocks,8,2,33554432,1,860.115,1035.55,ms
without-id-compression,pushBlocks,8,2,33554432,1,859.945,1036.17,ms
without-id-compression,pushBlocks,1024,2,33554432,5,140.945,137.849,ms
without-id-compression,pushBlocks,1024,2,33554432,5,137.525,134.365,ms
without-id-compression,pushBlocks,1024,2,33554432,5,139.976,136.392,ms
without-id-compression,pushBlocks,1024,2,33554432,5,137.024,133.827,ms
without-id-compression,pushBlocks,1024,2,33554432,5,137.31,134.377,ms
without-id-compression,pushBlocks,1048576,2,33554432,4,136.935,126.587,ms
without-id-compression,pushBlocks,1048576,2,33554432,4,136.338,128.263,ms
without-id-compression,pushBlocks,1048576,2,33554432,4,140.222,132.219,ms
without-id-compression,pushBlocks,1048576,2,33554432,4,140.672,129.873,ms
without-id-compression,pushBlocks,1048576,2,33554432,4,133.228,122.72,ms
without-id-compression,pushBlocks,8,3,33554432,1,1113.42,1182.54,ms
without-id-compression,pushBlocks,8,3,33554432,1,1310.22,1443.69,ms
without-id-compression,pushBlocks,8,3,33554432,1,1339.79,1481.12,ms
without-id-compression,pushBlocks,8,3,33554432,1,1333.53,1480.29,ms
without-id-compression,pushBlocks,8,3,33554432,1,1391.97,1458.8,ms
without-id-compression,pushBlocks,1024,3,33554432,4,178.628,166.397,ms
without-id-compression,pushBlocks,1024,3,33554432,4,178.166,166.688,ms
without-id-compression,pushBlocks,1024,3,33554432,4,175.402,165.071,ms
without-id-compression,pushBlocks,1024,3,33554432,4,177.518,167.556,ms
without-id-compression,pushBlocks,1024,3,33554432,4,176.895,167.2,ms
without-id-compression,pushBlocks,1048576,3,33554432,3,180.517,167.725,ms
without-id-compression,pushBlocks,1048576,3,33554432,3,177.422,165.036,ms
without-id-compression,pushBlocks,1048576,3,33554432,3,191.729,178.358,ms
without-id-compression,pushBlocks,1048576,3,33554432,3,181.231,169.008,ms
without-id-compression,pushBlocks,1048576,3,33554432,3,178.639,165.782,ms
without-id-compression,pushBlocks,8,4,33554432,1,1530.05,1657.82,ms
without-id-compression,pushBlocks,8,4,33554432,1,1814.15,1946.94,ms
without-id-compression,pushBlocks,8,4,33554432,1,1597.45,1731.05,ms
without-id-compression,pushBlocks,8,4,33554432,1,1500.63,1663.31,ms
without-id-compression,pushBlocks,8,4,33554432,1,1534.48,1686,ms
without-id-compression,pushBlocks,1024,4,33554432,3,186.648,176.912,ms
without-id-compression,pushBlocks,1024,4,33554432,3,200.025,191.399,ms
without-id-compression,pushBlocks,1024,4,33554432,3,189.456,180.875,ms
without-id-compression,pushBlocks,1024,4,33554432,3,188.539,180.383,ms
without-id-compression,pushBlocks,1024,4,33554432,3,197.382,188.776,ms
without-id-compression,pushBlocks,1048576,4,33554432,3,199.479,192.204,ms
without-id-compression,pushBlocks,1048576,4,33554432,3,186.93,178.733,ms
without-id-compression,pushBlocks,1048576,4,33554432,3,195.279,184.926,ms
without-id-compression,pushBlocks,1048576,4,33554432,3,191.794,185.05,ms
without-id-compression,pushBlocks,1048576,4,33554432,3,201.209,191.408,ms
without-id-compression,pushBlocks,8,2,67108864,1,2576.5,2931.76,ms
without-id-compression,pushBlocks,8,2,67108864,1,2596.2,2878.6,ms
without-id-compression,pushBlocks,8,2,67108864,1,2575.5,2999.29,ms
without-id-compression,pushBlocks,8,2,67108864,1,2565.24,2921.87,ms
without-id-compression,pushBlocks,8,2,67108864,1,2545.87,2879.62,ms
without-id-compression,pushBlocks,1024,2,67108864,1,988.138,924.837,ms
without-id-compression,pushBlocks,1024,2,67108864,1,929.215,838.893,ms
without-id-compression,pushBlocks,1024,2,67108864,1,979.231,882.813,ms
without-id-compression,pushBlocks,1024,2,67108864,1,926.644,847.775,ms
without-id-compression,pushBlocks,1024,2,67108864,1,951.463,856.47,ms
without-id-compression,pushBlocks,1048576,2,67108864,1,941.586,845.937,ms
without-id-compression,pushBlocks,1048576,2,67108864,1,957.626,845.287,ms
without-id-compression,pushBlocks,1048576,2,67108864,1,952.209,835.926,ms
without-id-compression,pushBlocks,1048576,2,67108864,1,994.658,877.937,ms
without-id-compression,pushBlocks,1048576,2,67108864,1,961.905,861.343,ms
without-id-compression,pushBlocks,8,3,67108864,1,3636.92,3926.33,ms
without-id-compression,pushBlocks,8,3,67108864,1,3808.8,4171.7,ms
without-id-compression,pushBlocks,8,3,67108864,1,3693.33,4058.44,ms
without-id-compression,pushBlocks,8,3,67108864,1,3745.05,4128.58,ms
without-id-compression,pushBlocks,8,3,67108864,1,3728.84,4101.5,ms
without-id-compression,pushBlocks,1024,3,67108864,1,1676.41,1652.38,ms
without-id-compression,pushBlocks,1024,3,67108864,1,1395.93,1303.53,ms
without-id-compression,pushBlocks,1024,3,67108864,1,1332.26,1233.87,ms
without-id-compression,pushBlocks,1024,3,67108864,1,1299.03,1174.21,ms
without-id-compression,pushBlocks,1024,3,67108864,1,1297.09,1208.05,ms
without-id-compression,pushBlocks,1048576,3,67108864,1,1455.28,1357.92,ms
without-id-compression,pushBlocks,1048576,3,67108864,1,1362.65,1283.47,ms
without-id-compression,pushBlocks,1048576,3,67108864,1,1318.43,1221.58,ms
without-id-compression,pushBlocks,1048576,3,67108864,1,1260.27,1185.89,ms
without-id-compression,pushBlocks,1048576,3,67108864,1,1288.19,1213.41,ms
without-id-compression,pushBlocks,8,4,67108864,1,4933.9,5228.11,ms
without-id-compression,pushBlocks,8,4,67108864,1,5121.91,5377.26,ms
without-id-compression,pushBlocks,8,4,67108864,1,4799.35,4897.7,ms
without-id-compression,pushBlocks,8,4,67108864,1,5266.48,5563.17,ms
without-id-compression,pushBlocks,8,4,67108864,1,5224.07,5366.95,ms
without-id-compression,pushBlocks,1024,4,67108864,1,1559.1,1543.51,ms
without-id-compression,pushBlocks,1024,4,67108864,1,864.024,834.242,ms
without-id-compression,pushBlocks,1024,4,67108864,1,607.158,554.752,ms
without-id-compression,pushBlocks,1024,4,67108864,1,431.691,382.436,ms
without-id-compression,pushBlocks,1024,4,67108864,1,584.232,553.12,ms
without-id-compression,pushBlocks,1048576,4,67108864,1,628.404,584.088,ms
without-id-compression,pushBlocks,1048576,4,67108864,1,433.82,362.542,ms
without-id-compression,pushBlocks,1048576,4,67108864,1,409.864,345.215,ms
without-id-compression,pushBlocks,1048576,4,67108864,1,416.973,336.378,ms
without-id-compression,pushBlocks,1048576,4,67108864,1,417.075,374.621,ms
