simulationId,mode,seed,numRanks,numBlocks,replicationLevel,failuresUntilDataLoss
indep-blocks,rank,0,100,1000,2,18
indep-blocks,rank,1,100,1000,2,18
indep-blocks,rank,2,100,1000,2,10
indep-blocks,rank,3,100,1000,2,8
indep-blocks,rank,4,100,1000,2,19
indep-blocks,rank,5,100,1000,2,6
indep-blocks,rank,6,100,1000,2,11
indep-blocks,rank,7,100,1000,2,5
indep-blocks,rank,8,100,1000,2,12
indep-blocks,rank,9,100,1000,2,20
indep-blocks,rank,0,100,10000,2,18
indep-blocks,rank,1,100,10000,2,18
indep-blocks,rank,2,100,10000,2,10
indep-blocks,rank,3,100,10000,2,8
indep-blocks,rank,4,100,10000,2,19
indep-blocks,rank,5,100,10000,2,6
indep-blocks,rank,6,100,10000,2,11
indep-blocks,rank,7,100,10000,2,5
indep-blocks,rank,8,100,10000,2,12
indep-blocks,rank,9,100,10000,2,20
indep-blocks,rank,0,100,100000,2,18
indep-blocks,rank,1,100,100000,2,18
indep-blocks,rank,2,100,100000,2,10
indep-blocks,rank,3,100,100000,2,8
indep-blocks,rank,4,100,100000,2,19
indep-blocks,rank,5,100,100000,2,6
indep-blocks,rank,6,100,100000,2,11
indep-blocks,rank,7,100,100000,2,5
indep-blocks,rank,8,100,100000,2,12
indep-blocks,rank,9,100,100000,2,20
indep-blocks,rank,0,100,1000000,2,18
indep-blocks,rank,1,100,1000000,2,18
indep-blocks,rank,2,100,1000000,2,10
indep-blocks,rank,3,100,1000000,2,8
indep-blocks,rank,4,100,1000000,2,19
indep-blocks,rank,5,100,1000000,2,6
indep-blocks,rank,6,100,1000000,2,11
indep-blocks,rank,7,100,1000000,2,5
indep-blocks,rank,8,100,1000000,2,12
indep-blocks,rank,9,100,1000000,2,20
indep-blocks,rank,0,100,10000000,2,18
indep-blocks,rank,1,100,10000000,2,18
indep-blocks,rank,2,100,10000000,2,10
indep-blocks,rank,3,100,10000000,2,8
indep-blocks,rank,4,100,10000000,2,19
indep-blocks,rank,5,100,10000000,2,6
indep-blocks,rank,6,100,10000000,2,11
indep-blocks,rank,7,100,10000000,2,5
indep-blocks,rank,8,100,10000000,2,12
indep-blocks,rank,9,100,10000000,2,20
indep-blocks,rank,0,100,100000000,2,18
indep-blocks,rank,1,100,100000000,2,18
indep-blocks,rank,2,100,100000000,2,10
indep-blocks,rank,3,100,100000000,2,8
indep-blocks,rank,4,100,100000000,2,19
indep-blocks,rank,5,100,100000000,2,6
indep-blocks,rank,6,100,100000000,2,11
indep-blocks,rank,7,100,100000000,2,5
indep-blocks,rank,8,100,100000000,2,12
indep-blocks,rank,9,100,100000000,2,20
indep-blocks,rank,0,100,1000,3,21
indep-blocks,rank,1,100,1000,3,21
indep-blocks,rank,2,100,1000,3,13
indep-blocks,rank,3,100,1000,3,19
indep-blocks,rank,4,100,1000,3,9
indep-blocks,rank,5,100,1000,3,31
indep-blocks,rank,6,100,1000,3,18
indep-blocks,rank,7,100,1000,3,11
indep-blocks,rank,8,100,1000,3,35
indep-blocks,rank,9,100,1000,3,25
indep-blocks,rank,0,100,10000,3,21
indep-blocks,rank,1,100,10000,3,21
indep-blocks,rank,2,100,10000,3,13
indep-blocks,rank,3,100,10000,3,19
indep-blocks,rank,4,100,10000,3,9
indep-blocks,rank,5,100,10000,3,31
indep-blocks,rank,6,100,10000,3,18
indep-blocks,rank,7,100,10000,3,11
indep-blocks,rank,8,100,10000,3,35
indep-blocks,rank,9,100,10000,3,25
indep-blocks,rank,0,100,100000,3,21
indep-blocks,rank,1,100,100000,3,21
indep-blocks,rank,2,100,100000,3,13
indep-blocks,rank,3,100,100000,3,19
indep-blocks,rank,4,100,100000,3,9
indep-blocks,rank,5,100,100000,3,31
indep-blocks,rank,6,100,100000,3,18
indep-blocks,rank,7,100,100000,3,11
indep-blocks,rank,8,100,100000,3,35
indep-blocks,rank,9,100,100000,3,25
indep-blocks,rank,0,100,1000000,3,21
indep-blocks,rank,1,100,1000000,3,21
indep-blocks,rank,2,100,1000000,3,13
indep-blocks,rank,3,100,1000000,3,19
indep-blocks,rank,4,100,1000000,3,9
indep-blocks,rank,5,100,1000000,3,31
indep-blocks,rank,6,100,1000000,3,18
indep-blocks,rank,7,100,1000000,3,11
indep-blocks,rank,8,100,1000000,3,35
indep-blocks,rank,9,100,1000000,3,25
indep-blocks,rank,0,100,10000000,3,21
indep-blocks,rank,1,100,10000000,3,21
indep-blocks,rank,2,100,10000000,3,13
indep-blocks,rank,3,100,10000000,3,19
indep-blocks,rank,4,100,10000000,3,9
indep-blocks,rank,5,100,10000000,3,31
indep-blocks,rank,6,100,10000000,3,18
indep-blocks,rank,7,100,10000000,3,11
indep-blocks,rank,8,100,10000000,3,35
indep-blocks,rank,9,100,10000000,3,25
indep-blocks,rank,0,100,100000000,3,21
indep-blocks,rank,1,100,100000000,3,21
indep-blocks,rank,2,100,100000000,3,13
indep-blocks,rank,3,100,100000000,3,19
indep-blocks,rank,4,100,100000000,3,9
indep-blocks,rank,5,100,100000000,3,31
indep-blocks,rank,6,100,100000000,3,18
indep-blocks,rank,7,100,100000000,3,11
indep-blocks,rank,8,100,100000000,3,35
indep-blocks,rank,9,100,100000000,3,25
indep-blocks,rank,0,100,1000,4,47
indep-blocks,rank,1,100,1000,4,47
indep-blocks,rank,2,100,1000,4,34
indep-blocks,rank,3,100,1000,4,42
indep-blocks,rank,4,100,1000,4,44
indep-blocks,rank,5,100,1000,4,60
indep-blocks,rank,6,100,1000,4,31
indep-blocks,rank,7,100,1000,4,46
indep-blocks,rank,8,100,1000,4,46
indep-blocks,rank,9,100,1000,4,43
indep-blocks,rank,0,100,10000,4,47
indep-blocks,rank,1,100,10000,4,47
indep-blocks,rank,2,100,10000,4,34
indep-blocks,rank,3,100,10000,4,42
indep-blocks,rank,4,100,10000,4,44
indep-blocks,rank,5,100,10000,4,60
indep-blocks,rank,6,100,10000,4,31
indep-blocks,rank,7,100,10000,4,46
indep-blocks,rank,8,100,10000,4,46
indep-blocks,rank,9,100,10000,4,43
indep-blocks,rank,0,100,100000,4,47
indep-blocks,rank,1,100,100000,4,47
indep-blocks,rank,2,100,100000,4,34
indep-blocks,rank,3,100,100000,4,42
indep-blocks,rank,4,100,100000,4,44
indep-blocks,rank,5,100,100000,4,60
indep-blocks,rank,6,100,100000,4,31
indep-blocks,rank,7,100,100000,4,46
indep-blocks,rank,8,100,100000,4,46
indep-blocks,rank,9,100,100000,4,43
indep-blocks,rank,0,100,1000000,4,47
indep-blocks,rank,1,100,1000000,4,47
indep-blocks,rank,2,100,1000000,4,34
indep-blocks,rank,3,100,1000000,4,42
indep-blocks,rank,4,100,1000000,4,44
indep-blocks,rank,5,100,1000000,4,60
indep-blocks,rank,6,100,1000000,4,31
indep-blocks,rank,7,100,1000000,4,46
indep-blocks,rank,8,100,1000000,4,46
indep-blocks,rank,9,100,1000000,4,43
indep-blocks,rank,0,100,10000000,4,47
indep-blocks,rank,1,100,10000000,4,47
indep-blocks,rank,2,100,10000000,4,34
indep-blocks,rank,3,100,10000000,4,42
indep-blocks,rank,4,100,10000000,4,44
indep-blocks,rank,5,100,10000000,4,60
indep-blocks,rank,6,100,10000000,4,31
indep-blocks,rank,7,100,10000000,4,46
indep-blocks,rank,8,100,10000000,4,46
indep-blocks,rank,9,100,10000000,4,43
indep-blocks,rank,0,100,100000000,4,47
indep-blocks,rank,1,100,100000000,4,47
indep-blocks,rank,2,100,100000000,4,34
indep-blocks,rank,3,100,100000000,4,42
indep-blocks,rank,4,100,100000000,4,44
indep-blocks,rank,5,100,100000000,4,60
indep-blocks,rank,6,100,100000000,4,31
indep-blocks,rank,7,100,100000000,4,46
indep-blocks,rank,8,100,100000000,4,46
indep-blocks,rank,9,100,100000000,4,43
indep-blocks,rank,0,1000,1000,2,44
indep-blocks,rank,1,1000,1000,2,44
indep-blocks,rank,2,1000,1000,2,58
indep-blocks,rank,3,1000,1000,2,22
indep-blocks,rank,4,1000,1000,2,71
indep-blocks,rank,5,1000,1000,2,45
indep-blocks,rank,6,1000,1000,2,50
indep-blocks,rank,7,1000,1000,2,12
indep-blocks,rank,8,1000,1000,2,28
indep-blocks,rank,9,1000,1000,2,46
indep-blocks,rank,0,1000,10000,2,44
indep-blocks,rank,1,1000,10000,2,44
indep-blocks,rank,2,1000,10000,2,58
indep-blocks,rank,3,1000,10000,2,22
indep-blocks,rank,4,1000,10000,2,71
indep-blocks,rank,5,1000,10000,2,45
indep-blocks,rank,6,1000,10000,2,50
indep-blocks,rank,7,1000,10000,2,12
indep-blocks,rank,8,1000,10000,2,28
indep-blocks,rank,9,1000,10000,2,46
indep-blocks,rank,0,1000,100000,2,44
indep-blocks,rank,1,1000,100000,2,44
indep-blocks,rank,2,1000,100000,2,58
indep-blocks,rank,3,1000,100000,2,22
indep-blocks,rank,4,1000,100000,2,71
indep-blocks,rank,5,1000,100000,2,45
indep-blocks,rank,6,1000,100000,2,50
indep-blocks,rank,7,1000,100000,2,12
indep-blocks,rank,8,1000,100000,2,28
indep-blocks,rank,9,1000,100000,2,46
indep-blocks,rank,0,1000,1000000,2,44
indep-blocks,rank,1,1000,1000000,2,44
indep-blocks,rank,2,1000,1000000,2,58
indep-blocks,rank,3,1000,1000000,2,22
indep-blocks,rank,4,1000,1000000,2,71
indep-blocks,rank,5,1000,1000000,2,45
indep-blocks,rank,6,1000,1000000,2,50
indep-blocks,rank,7,1000,1000000,2,12
indep-blocks,rank,8,1000,1000000,2,28
indep-blocks,rank,9,1000,1000000,2,46
indep-blocks,rank,0,1000,10000000,2,44
indep-blocks,rank,1,1000,10000000,2,44
indep-blocks,rank,2,1000,10000000,2,58
indep-blocks,rank,3,1000,10000000,2,22
indep-blocks,rank,4,1000,10000000,2,71
indep-blocks,rank,5,1000,10000000,2,45
indep-blocks,rank,6,1000,10000000,2,50
indep-blocks,rank,7,1000,10000000,2,12
indep-blocks,rank,8,1000,10000000,2,28
indep-blocks,rank,9,1000,10000000,2,46
indep-blocks,rank,0,1000,100000000,2,44
indep-blocks,rank,1,1000,100000000,2,44
indep-blocks,rank,2,1000,100000000,2,58
indep-blocks,rank,3,1000,100000000,2,22
indep-blocks,rank,4,1000,100000000,2,71
indep-blocks,rank,5,1000,100000000,2,45
indep-blocks,rank,6,1000,100000000,2,50
indep-blocks,rank,7,1000,100000000,2,12
indep-blocks,rank,8,1000,100000000,2,28
indep-blocks,rank,9,1000,100000000,2,46
indep-blocks,rank,0,1000,1000,3,91
indep-blocks,rank,1,1000,1000,3,91
indep-blocks,rank,2,1000,1000,3,105
indep-blocks,rank,3,1000,1000,3,116
indep-blocks,rank,4,1000,1000,3,127
indep-blocks,rank,5,1000,1000,3,101
indep-blocks,rank,6,1000,1000,3,101
indep-blocks,rank,7,1000,1000,3,56
indep-blocks,rank,8,1000,1000,3,74
indep-blocks,rank,9,1000,1000,3,52
indep-blocks,rank,0,1000,10000,3,91
indep-blocks,rank,1,1000,10000,3,91
indep-blocks,rank,2,1000,10000,3,105
indep-blocks,rank,3,1000,10000,3,116
indep-blocks,rank,4,1000,10000,3,127
indep-blocks,rank,5,1000,10000,3,101
indep-blocks,rank,6,1000,10000,3,101
indep-blocks,rank,7,1000,10000,3,56
indep-blocks,rank,8,1000,10000,3,74
indep-blocks,rank,9,1000,10000,3,52
indep-blocks,rank,0,1000,100000,3,91
indep-blocks,rank,1,1000,100000,3,91
indep-blocks,rank,2,1000,100000,3,105
indep-blocks,rank,3,1000,100000,3,116
indep-blocks,rank,4,1000,100000,3,127
indep-blocks,rank,5,1000,100000,3,101
indep-blocks,rank,6,1000,100000,3,101
indep-blocks,rank,7,1000,100000,3,56
indep-blocks,rank,8,1000,100000,3,74
indep-blocks,rank,9,1000,100000,3,52
indep-blocks,rank,0,1000,1000000,3,91
indep-blocks,rank,1,1000,1000000,3,91
indep-blocks,rank,2,1000,1000000,3,105
indep-blocks,rank,3,1000,1000000,3,116
indep-blocks,rank,4,1000,1000000,3,127
indep-blocks,rank,5,1000,1000000,3,101
indep-blocks,rank,6,1000,1000000,3,101
indep-blocks,rank,7,1000,1000000,3,56
indep-blocks,rank,8,1000,1000000,3,74
indep-blocks,rank,9,1000,1000000,3,52
indep-blocks,rank,0,1000,10000000,3,91
indep-blocks,rank,1,1000,10000000,3,91
indep-blocks,rank,2,1000,10000000,3,105
indep-blocks,rank,3,1000,10000000,3,116
indep-blocks,rank,4,1000,10000000,3,127
indep-blocks,rank,5,1000,10000000,3,101
indep-blocks,rank,6,1000,10000000,3,101
indep-blocks,rank,7,1000,10000000,3,56
indep-blocks,rank,8,1000,10000000,3,74
indep-blocks,rank,9,1000,10000000,3,52
indep-blocks,rank,0,1000,100000000,3,91
indep-blocks,rank,1,1000,100000000,3,91
indep-blocks,rank,2,1000,100000000,3,105
indep-blocks,rank,3,1000,100000000,3,116
indep-blocks,rank,4,1000,100000000,3,127
indep-blocks,rank,5,1000,100000000,3,101
indep-blocks,rank,6,1000,100000000,3,101
indep-blocks,rank,7,1000,100000000,3,56
indep-blocks,rank,8,1000,100000000,3,74
indep-blocks,rank,9,1000,100000000,3,52
indep-blocks,rank,0,1000,1000,4,124
indep-blocks,rank,1,1000,1000,4,124
indep-blocks,rank,2,1000,1000,4,323
indep-blocks,rank,3,1000,1000,4,227
indep-blocks,rank,4,1000,1000,4,263
indep-blocks,rank,5,1000,1000,4,226
indep-blocks,rank,6,1000,1000,4,77
indep-blocks,rank,7,1000,1000,4,154
indep-blocks,rank,8,1000,1000,4,291
indep-blocks,rank,9,1000,1000,4,238
indep-blocks,rank,0,1000,10000,4,124
indep-blocks,rank,1,1000,10000,4,124
indep-blocks,rank,2,1000,10000,4,323
indep-blocks,rank,3,1000,10000,4,227
indep-blocks,rank,4,1000,10000,4,263
indep-blocks,rank,5,1000,10000,4,226
indep-blocks,rank,6,1000,10000,4,77
indep-blocks,rank,7,1000,10000,4,154
indep-blocks,rank,8,1000,10000,4,291
indep-blocks,rank,9,1000,10000,4,238
indep-blocks,rank,0,1000,100000,4,124
indep-blocks,rank,1,1000,100000,4,124
indep-blocks,rank,2,1000,100000,4,323
indep-blocks,rank,3,1000,100000,4,227
indep-blocks,rank,4,1000,100000,4,263
indep-blocks,rank,5,1000,100000,4,226
indep-blocks,rank,6,1000,100000,4,77
indep-blocks,rank,7,1000,100000,4,154
indep-blocks,rank,8,1000,100000,4,291
indep-blocks,rank,9,1000,100000,4,238
indep-blocks,rank,0,1000,1000000,4,124
indep-blocks,rank,1,1000,1000000,4,124
indep-blocks,rank,2,1000,1000000,4,323
indep-blocks,rank,3,1000,1000000,4,227
indep-blocks,rank,4,1000,1000000,4,263
indep-blocks,rank,5,1000,1000000,4,226
indep-blocks,rank,6,1000,1000000,4,77
indep-blocks,rank,7,1000,1000000,4,154
indep-blocks,rank,8,1000,1000000,4,291
indep-blocks,rank,9,1000,1000000,4,238
indep-blocks,rank,0,1000,10000000,4,124
indep-blocks,rank,1,1000,10000000,4,124
indep-blocks,rank,2,1000,10000000,4,323
indep-blocks,rank,3,1000,10000000,4,227
indep-blocks,rank,4,1000,10000000,4,263
indep-blocks,rank,5,1000,10000000,4,226
indep-blocks,rank,6,1000,10000000,4,77
indep-blocks,rank,7,1000,10000000,4,154
indep-blocks,rank,8,1000,10000000,4,291
indep-blocks,rank,9,1000,10000000,4,238
indep-blocks,rank,0,1000,100000000,4,124
indep-blocks,rank,1,1000,100000000,4,124
indep-blocks,rank,2,1000,100000000,4,323
indep-blocks,rank,3,1000,100000000,4,227
indep-blocks,rank,4,1000,100000000,4,263
indep-blocks,rank,5,1000,100000000,4,226
indep-blocks,rank,6,1000,100000000,4,77
indep-blocks,rank,7,1000,100000000,4,154
indep-blocks,rank,8,1000,100000000,4,291
indep-blocks,rank,9,1000,100000000,4,238
indep-ranks-rankwise,rank,0,10,100000000,2,2
indep-ranks-rankwise,rank,1,10,100000000,2,2
indep-ranks-rankwise,rank,2,10,100000000,2,6
indep-ranks-rankwise,rank,3,10,100000000,2,4
indep-ranks-rankwise,rank,4,10,100000000,2,4
indep-ranks-rankwise,rank,5,10,100000000,2,2
indep-ranks-rankwise,rank,6,10,100000000,2,5
indep-ranks-rankwise,rank,7,10,100000000,2,2
indep-ranks-rankwise,rank,8,10,100000000,2,4
indep-ranks-rankwise,rank,9,10,100000000,2,4
indep-ranks-rankwise,rank,0,100,100000000,2,18
indep-ranks-rankwise,rank,1,100,100000000,2,18
indep-ranks-rankwise,rank,2,100,100000000,2,10
indep-ranks-rankwise,rank,3,100,100000000,2,8
indep-ranks-rankwise,rank,4,100,100000000,2,19
indep-ranks-rankwise,rank,5,100,100000000,2,6
indep-ranks-rankwise,rank,6,100,100000000,2,11
indep-ranks-rankwise,rank,7,100,100000000,2,5
indep-ranks-rankwise,rank,8,100,100000000,2,12
indep-ranks-rankwise,rank,9,100,100000000,2,20
indep-ranks-rankwise,rank,0,1000,100000000,2,44
indep-ranks-rankwise,rank,1,1000,100000000,2,44
indep-ranks-rankwise,rank,2,1000,100000000,2,58
indep-ranks-rankwise,rank,3,1000,100000000,2,22
indep-ranks-rankwise,rank,4,1000,100000000,2,71
indep-ranks-rankwise,rank,5,1000,100000000,2,45
indep-ranks-rankwise,rank,6,1000,100000000,2,50
indep-ranks-rankwise,rank,7,1000,100000000,2,12
indep-ranks-rankwise,rank,8,1000,100000000,2,28
indep-ranks-rankwise,rank,9,1000,100000000,2,46
indep-ranks-rankwise,rank,0,10000,100000000,2,23
indep-ranks-rankwise,rank,1,10000,100000000,2,23
indep-ranks-rankwise,rank,2,10000,100000000,2,74
indep-ranks-rankwise,rank,3,10000,100000000,2,215
indep-ranks-rankwise,rank,4,10000,100000000,2,94
indep-ranks-rankwise,rank,5,10000,100000000,2,69
indep-ranks-rankwise,rank,6,10000,100000000,2,74
indep-ranks-rankwise,rank,7,10000,100000000,2,181
indep-ranks-rankwise,rank,8,10000,100000000,2,220
indep-ranks-rankwise,rank,9,10000,100000000,2,174
indep-ranks-rankwise,rank,0,100000,100000000,2,291
indep-ranks-rankwise,rank,1,100000,100000000,2,291
indep-ranks-rankwise,rank,2,100000,100000000,2,240
indep-ranks-rankwise,rank,3,100000,100000000,2,56
indep-ranks-rankwise,rank,4,100000,100000000,2,295
indep-ranks-rankwise,rank,5,100000,100000000,2,567
indep-ranks-rankwise,rank,6,100000,100000000,2,300
indep-ranks-rankwise,rank,7,100000,100000000,2,527
indep-ranks-rankwise,rank,8,100000,100000000,2,826
indep-ranks-rankwise,rank,9,100000,100000000,2,318
indep-ranks-rankwise,rank,0,1000000,100000000,2,1040
indep-ranks-rankwise,rank,1,1000000,100000000,2,1040
indep-ranks-rankwise,rank,2,1000000,100000000,2,1188
indep-ranks-rankwise,rank,3,1000000,100000000,2,614
indep-ranks-rankwise,rank,4,1000000,100000000,2,1059
indep-ranks-rankwise,rank,5,1000000,100000000,2,936
indep-ranks-rankwise,rank,6,1000000,100000000,2,335
indep-ranks-rankwise,rank,7,1000000,100000000,2,1391
indep-ranks-rankwise,rank,8,1000000,100000000,2,1669
indep-ranks-rankwise,rank,9,1000000,100000000,2,2776
indep-ranks-rankwise,rank,0,10,100000000,3,7
indep-ranks-rankwise,rank,1,10,100000000,3,7
indep-ranks-rankwise,rank,2,10,100000000,3,4
indep-ranks-rankwise,rank,3,10,100000000,3,4
indep-ranks-rankwise,rank,4,10,100000000,3,6
indep-ranks-rankwise,rank,5,10,100000000,3,7
indep-ranks-rankwise,rank,6,10,100000000,3,5
indep-ranks-rankwise,rank,7,10,100000000,3,7
indep-ranks-rankwise,rank,8,10,100000000,3,7
indep-ranks-rankwise,rank,9,10,100000000,3,3
indep-ranks-rankwise,rank,0,100,100000000,3,21
indep-ranks-rankwise,rank,1,100,100000000,3,21
indep-ranks-rankwise,rank,2,100,100000000,3,13
indep-ranks-rankwise,rank,3,100,100000000,3,19
indep-ranks-rankwise,rank,4,100,100000000,3,9
indep-ranks-rankwise,rank,5,100,100000000,3,31
indep-ranks-rankwise,rank,6,100,100000000,3,18
indep-ranks-rankwise,rank,7,100,100000000,3,11
indep-ranks-rankwise,rank,8,100,100000000,3,35
indep-ranks-rankwise,rank,9,100,100000000,3,25
indep-ranks-rankwise,rank,0,1000,100000000,3,91
indep-ranks-rankwise,rank,1,1000,100000000,3,91
indep-ranks-rankwise,rank,2,1000,100000000,3,105
indep-ranks-rankwise,rank,3,1000,100000000,3,116
indep-ranks-rankwise,rank,4,1000,100000000,3,127
indep-ranks-rankwise,rank,5,1000,100000000,3,101
indep-ranks-rankwise,rank,6,1000,100000000,3,101
indep-ranks-rankwise,rank,7,1000,100000000,3,56
indep-ranks-rankwise,rank,8,1000,100000000,3,74
indep-ranks-rankwise,rank,9,1000,100000000,3,52
indep-ranks-rankwise,rank,0,10000,100000000,3,430
indep-ranks-rankwise,rank,1,10000,100000000,3,430
indep-ranks-rankwise,rank,2,10000,100000000,3,164
indep-ranks-rankwise,rank,3,10000,100000000,3,263
indep-ranks-rankwise,rank,4,10000,100000000,3,38
indep-ranks-rankwise,rank,5,10000,100000000,3,315
indep-ranks-rankwise,rank,6,10000,100000000,3,556
indep-ranks-rankwise,rank,7,10000,100000000,3,473
indep-ranks-rankwise,rank,8,10000,100000000,3,566
indep-ranks-rankwise,rank,9,10000,100000000,3,471
indep-ranks-rankwise,rank,0,100000,100000000,3,1057
indep-ranks-rankwise,rank,1,100000,100000000,3,1057
indep-ranks-rankwise,rank,2,100000,100000000,3,722
indep-ranks-rankwise,rank,3,100000,100000000,3,2382
indep-ranks-rankwise,rank,4,100000,100000000,3,2066
indep-ranks-rankwise,rank,5,100000,100000000,3,2107
indep-ranks-rankwise,rank,6,100000,100000000,3,2203
indep-ranks-rankwise,rank,7,100000,100000000,3,2282
indep-ranks-rankwise,rank,8,100000,100000000,3,1661
indep-ranks-rankwise,rank,9,100000,100000000,3,775
indep-ranks-rankwise,rank,0,1000000,100000000,3,7591
indep-ranks-rankwise,rank,1,1000000,100000000,3,7591
indep-ranks-rankwise,rank,2,1000000,100000000,3,7936
indep-ranks-rankwise,rank,3,1000000,100000000,3,9127
indep-ranks-rankwise,rank,4,1000000,100000000,3,13440
indep-ranks-rankwise,rank,5,1000000,100000000,3,10268
indep-ranks-rankwise,rank,6,1000000,100000000,3,12507
indep-ranks-rankwise,rank,7,1000000,100000000,3,7553
indep-ranks-rankwise,rank,8,1000000,100000000,3,9629
indep-ranks-rankwise,rank,9,1000000,100000000,3,8781
indep-ranks-rankwise,rank,0,10,100000000,4,6
indep-ranks-rankwise,rank,1,10,100000000,4,6
indep-ranks-rankwise,rank,2,10,100000000,4,7
indep-ranks-rankwise,rank,3,10,100000000,4,6
indep-ranks-rankwise,rank,4,10,100000000,4,5
indep-ranks-rankwise,rank,5,10,100000000,4,6
indep-ranks-rankwise,rank,6,10,100000000,4,7
indep-ranks-rankwise,rank,7,10,100000000,4,6
indep-ranks-rankwise,rank,8,10,100000000,4,7
indep-ranks-rankwise,rank,9,10,100000000,4,7
indep-ranks-rankwise,rank,0,100,100000000,4,47
indep-ranks-rankwise,rank,1,100,100000000,4,47
indep-ranks-rankwise,rank,2,100,100000000,4,34
indep-ranks-rankwise,rank,3,100,100000000,4,42
indep-ranks-rankwise,rank,4,100,100000000,4,44
indep-ranks-rankwise,rank,5,100,100000000,4,60
indep-ranks-rankwise,rank,6,100,100000000,4,31
indep-ranks-rankwise,rank,7,100,100000000,4,46
indep-ranks-rankwise,rank,8,100,100000000,4,46
indep-ranks-rankwise,rank,9,100,100000000,4,43
indep-ranks-rankwise,rank,0,1000,100000000,4,124
indep-ranks-rankwise,rank,1,1000,100000000,4,124
indep-ranks-rankwise,rank,2,1000,100000000,4,323
indep-ranks-rankwise,rank,3,1000,100000000,4,227
indep-ranks-rankwise,rank,4,1000,100000000,4,263
indep-ranks-rankwise,rank,5,1000,100000000,4,226
indep-ranks-rankwise,rank,6,1000,100000000,4,77
indep-ranks-rankwise,rank,7,1000,100000000,4,154
indep-ranks-rankwise,rank,8,1000,100000000,4,291
indep-ranks-rankwise,rank,9,1000,100000000,4,238
indep-ranks-rankwise,rank,0,10000,100000000,4,486
indep-ranks-rankwise,rank,1,10000,100000000,4,486
indep-ranks-rankwise,rank,2,10000,100000000,4,1414
indep-ranks-rankwise,rank,3,10000,100000000,4,1711
indep-ranks-rankwise,rank,4,10000,100000000,4,1137
indep-ranks-rankwise,rank,5,10000,100000000,4,1713
indep-ranks-rankwise,rank,6,10000,100000000,4,996
indep-ranks-rankwise,rank,7,10000,100000000,4,1743
indep-ranks-rankwise,rank,8,10000,100000000,4,1806
indep-ranks-rankwise,rank,9,10000,100000000,4,1102
indep-ranks-rankwise,rank,0,100000,100000000,4,5645
indep-ranks-rankwise,rank,1,100000,100000000,4,5645
indep-ranks-rankwise,rank,2,100000,100000000,4,8845
indep-ranks-rankwise,rank,3,100000,100000000,4,7426
indep-ranks-rankwise,rank,4,100000,100000000,4,7282
indep-ranks-rankwise,rank,5,100000,100000000,4,7260
indep-ranks-rankwise,rank,6,100000,100000000,4,6506
indep-ranks-rankwise,rank,7,100000,100000000,4,7827
indep-ranks-rankwise,rank,8,100000,100000000,4,8275
indep-ranks-rankwise,rank,9,100000,100000000,4,7356
indep-ranks-rankwise,rank,0,1000000,100000000,4,24585
indep-ranks-rankwise,rank,1,1000000,100000000,4,24585
indep-ranks-rankwise,rank,2,1000000,100000000,4,46921
indep-ranks-rankwise,rank,3,1000000,100000000,4,30592
indep-ranks-rankwise,rank,4,1000000,100000000,4,40889
indep-ranks-rankwise,rank,5,1000000,100000000,4,23373
indep-ranks-rankwise,rank,6,1000000,100000000,4,43608
indep-ranks-rankwise,rank,7,1000000,100000000,4,49006
indep-ranks-rankwise,rank,8,1000000,100000000,4,24607
indep-ranks-rankwise,rank,9,1000000,100000000,4,56146
indep-ranks-nodewise,node,0,200,1000000000,2,40
indep-ranks-nodewise,node,1,200,1000000000,2,40
indep-ranks-nodewise,node,2,200,1000000000,2,120
indep-ranks-nodewise,node,3,200,1000000000,2,80
indep-ranks-nodewise,node,4,200,1000000000,2,80
indep-ranks-nodewise,node,5,200,1000000000,2,40
indep-ranks-nodewise,node,6,200,1000000000,2,100
indep-ranks-nodewise,node,7,200,1000000000,2,40
indep-ranks-nodewise,node,8,200,1000000000,2,80
indep-ranks-nodewise,node,9,200,1000000000,2,80
indep-ranks-nodewise,node,0,2000,1000000000,2,360
indep-ranks-nodewise,node,1,2000,1000000000,2,360
indep-ranks-nodewise,node,2,2000,1000000000,2,200
indep-ranks-nodewise,node,3,2000,1000000000,2,160
indep-ranks-nodewise,node,4,2000,1000000000,2,380
indep-ranks-nodewise,node,5,2000,1000000000,2,120
indep-ranks-nodewise,node,6,2000,1000000000,2,220
indep-ranks-nodewise,node,7,2000,1000000000,2,100
indep-ranks-nodewise,node,8,2000,1000000000,2,240
indep-ranks-nodewise,node,9,2000,1000000000,2,400
indep-ranks-nodewise,node,0,20000,1000000000,2,880
indep-ranks-nodewise,node,1,20000,1000000000,2,880
indep-ranks-nodewise,node,2,20000,1000000000,2,1160
indep-ranks-nodewise,node,3,20000,1000000000,2,440
indep-ranks-nodewise,node,4,20000,1000000000,2,1420
indep-ranks-nodewise,node,5,20000,1000000000,2,900
indep-ranks-nodewise,node,6,20000,1000000000,2,1000
indep-ranks-nodewise,node,7,20000,1000000000,2,240
indep-ranks-nodewise,node,8,20000,1000000000,2,560
indep-ranks-nodewise,node,9,20000,1000000000,2,920
indep-ranks-nodewise,node,0,200000,1000000000,2,460
indep-ranks-nodewise,node,1,200000,1000000000,2,460
indep-ranks-nodewise,node,2,200000,1000000000,2,1480
indep-ranks-nodewise,node,3,200000,1000000000,2,4300
indep-ranks-nodewise,node,4,200000,1000000000,2,1880
indep-ranks-nodewise,node,5,200000,1000000000,2,1380
indep-ranks-nodewise,node,6,200000,1000000000,2,1480
indep-ranks-nodewise,node,7,200000,1000000000,2,3620
indep-ranks-nodewise,node,8,200000,1000000000,2,4400
indep-ranks-nodewise,node,9,200000,1000000000,2,3480
indep-ranks-nodewise,node,0,2000000,1000000000,2,5820
indep-ranks-nodewise,node,1,2000000,1000000000,2,5820
indep-ranks-nodewise,node,2,2000000,1000000000,2,4800
indep-ranks-nodewise,node,3,2000000,1000000000,2,1120
indep-ranks-nodewise,node,4,2000000,1000000000,2,5900
indep-ranks-nodewise,node,5,2000000,1000000000,2,11340
indep-ranks-nodewise,node,6,2000000,1000000000,2,6000
indep-ranks-nodewise,node,7,2000000,1000000000,2,10540
indep-ranks-nodewise,node,8,2000000,1000000000,2,16520
indep-ranks-nodewise,node,9,2000000,1000000000,2,6360
indep-ranks-nodewise,node,0,20000000,1000000000,2,20800
indep-ranks-nodewise,node,1,20000000,1000000000,2,20800
indep-ranks-nodewise,node,2,20000000,1000000000,2,23760
indep-ranks-nodewise,node,3,20000000,1000000000,2,12280
indep-ranks-nodewise,node,4,20000000,1000000000,2,21180
indep-ranks-nodewise,node,5,20000000,1000000000,2,18720
indep-ranks-nodewise,node,6,20000000,1000000000,2,6700
indep-ranks-nodewise,node,7,20000000,1000000000,2,27820
indep-ranks-nodewise,node,8,20000000,1000000000,2,33380
indep-ranks-nodewise,node,9,20000000,1000000000,2,55520
indep-ranks-nodewise,node,0,200,1000000000,3,140
indep-ranks-nodewise,node,1,200,1000000000,3,140
indep-ranks-nodewise,node,2,200,1000000000,3,80
indep-ranks-nodewise,node,3,200,1000000000,3,80
indep-ranks-nodewise,node,4,200,1000000000,3,120
indep-ranks-nodewise,node,5,200,1000000000,3,140
indep-ranks-nodewise,node,6,200,1000000000,3,100
indep-ranks-nodewise,node,7,200,1000000000,3,140
indep-ranks-nodewise,node,8,200,1000000000,3,140
indep-ranks-nodewise,node,9,200,1000000000,3,60
indep-ranks-nodewise,node,0,2000,1000000000,3,420
indep-ranks-nodewise,node,1,2000,1000000000,3,420
indep-ranks-nodewise,node,2,2000,1000000000,3,260
indep-ranks-nodewise,node,3,2000,1000000000,3,380
indep-ranks-nodewise,node,4,2000,1000000000,3,180
indep-ranks-nodewise,node,5,2000,1000000000,3,620
indep-ranks-nodewise,node,6,2000,1000000000,3,360
indep-ranks-nodewise,node,7,2000,1000000000,3,220
indep-ranks-nodewise,node,8,2000,1000000000,3,700
indep-ranks-nodewise,node,9,2000,1000000000,3,500
indep-ranks-nodewise,node,0,20000,1000000000,3,1820
indep-ranks-nodewise,node,1,20000,1000000000,3,1820
indep-ranks-nodewise,node,2,20000,1000000000,3,2100
indep-ranks-nodewise,node,3,20000,1000000000,3,2320
indep-ranks-nodewise,node,4,20000,1000000000,3,2540
indep-ranks-nodewise,node,5,20000,1000000000,3,2020
indep-ranks-nodewise,node,6,20000,1000000000,3,2020
indep-ranks-nodewise,node,7,20000,1000000000,3,1120
indep-ranks-nodewise,node,8,20000,1000000000,3,1480
indep-ranks-nodewise,node,9,20000,1000000000,3,1040
indep-ranks-nodewise,node,0,200000,1000000000,3,8600
indep-ranks-nodewise,node,1,200000,1000000000,3,8600
indep-ranks-nodewise,node,2,200000,1000000000,3,3280
indep-ranks-nodewise,node,3,200000,1000000000,3,5260
indep-ranks-nodewise,node,4,200000,1000000000,3,760
indep-ranks-nodewise,node,5,200000,1000000000,3,6300
indep-ranks-nodewise,node,6,200000,1000000000,3,11120
indep-ranks-nodewise,node,7,200000,1000000000,3,9460
indep-ranks-nodewise,node,8,200000,1000000000,3,11320
indep-ranks-nodewise,node,9,200000,1000000000,3,9420
indep-ranks-nodewise,node,0,2000000,1000000000,3,21140
indep-ranks-nodewise,node,1,2000000,1000000000,3,21140
indep-ranks-nodewise,node,2,2000000,1000000000,3,14440
indep-ranks-nodewise,node,3,2000000,1000000000,3,47640
indep-ranks-nodewise,node,4,2000000,1000000000,3,41320
indep-ranks-nodewise,node,5,2000000,1000000000,3,42140
indep-ranks-nodewise,node,6,2000000,1000000000,3,44060
indep-ranks-nodewise,node,7,2000000,1000000000,3,45640
indep-ranks-nodewise,node,8,2000000,1000000000,3,33220
indep-ranks-nodewise,node,9,2000000,1000000000,3,15500
indep-ranks-nodewise,node,0,20000000,1000000000,3,151820
indep-ranks-nodewise,node,1,20000000,1000000000,3,151820
indep-ranks-nodewise,node,2,20000000,1000000000,3,158720
indep-ranks-nodewise,node,3,20000000,1000000000,3,182540
indep-ranks-nodewise,node,4,20000000,1000000000,3,268800
indep-ranks-nodewise,node,5,20000000,1000000000,3,205360
indep-ranks-nodewise,node,6,20000000,1000000000,3,250140
indep-ranks-nodewise,node,7,20000000,1000000000,3,151060
indep-ranks-nodewise,node,8,20000000,1000000000,3,192580
indep-ranks-nodewise,node,9,20000000,1000000000,3,175620
indep-ranks-nodewise,node,0,200,1000000000,4,160
indep-ranks-nodewise,node,1,200,1000000000,4,160
indep-ranks-nodewise,node,2,200,1000000000,4,140
indep-ranks-nodewise,node,3,200,1000000000,4,160
indep-ranks-nodewise,node,4,200,1000000000,4,160
indep-ranks-nodewise,node,5,200,1000000000,4,160
indep-ranks-nodewise,node,6,200,1000000000,4,140
indep-ranks-nodewise,node,7,200,1000000000,4,160
indep-ranks-nodewise,node,8,200,1000000000,4,160
indep-ranks-nodewise,node,9,200,1000000000,4,100
indep-ranks-nodewise,node,0,2000,1000000000,4,940
indep-ranks-nodewise,node,1,2000,1000000000,4,940
indep-ranks-nodewise,node,2,2000,1000000000,4,680
indep-ranks-nodewise,node,3,2000,1000000000,4,840
indep-ranks-nodewise,node,4,2000,1000000000,4,880
indep-ranks-nodewise,node,5,2000,1000000000,4,1200
indep-ranks-nodewise,node,6,2000,1000000000,4,620
indep-ranks-nodewise,node,7,2000,1000000000,4,920
indep-ranks-nodewise,node,8,2000,1000000000,4,920
indep-ranks-nodewise,node,9,2000,1000000000,4,860
indep-ranks-nodewise,node,0,20000,1000000000,4,2480
indep-ranks-nodewise,node,1,20000,1000000000,4,2480
indep-ranks-nodewise,node,2,20000,1000000000,4,6460
indep-ranks-nodewise,node,3,20000,1000000000,4,4540
indep-ranks-nodewise,node,4,20000,1000000000,4,5260
indep-ranks-nodewise,node,5,20000,1000000000,4,4520
indep-ranks-nodewise,node,6,20000,1000000000,4,1540
indep-ranks-nodewise,node,7,20000,1000000000,4,3080
indep-ranks-nodewise,node,8,20000,1000000000,4,5820
indep-ranks-nodewise,node,9,20000,1000000000,4,4760
indep-ranks-nodewise,node,0,200000,1000000000,4,9720
indep-ranks-nodewise,node,1,200000,1000000000,4,9720
indep-ranks-nodewise,node,2,200000,1000000000,4,28280
indep-ranks-nodewise,node,3,200000,1000000000,4,34220
indep-ranks-nodewise,node,4,200000,1000000000,4,22740
indep-ranks-nodewise,node,5,200000,1000000000,4,34260
indep-ranks-nodewise,node,6,200000,1000000000,4,19920
indep-ranks-nodewise,node,7,200000,1000000000,4,34860
indep-ranks-nodewise,node,8,200000,1000000000,4,36120
indep-ranks-nodewise,node,9,200000,1000000000,4,22040
indep-ranks-nodewise,node,0,2000000,1000000000,4,112900
indep-ranks-nodewise,node,1,2000000,1000000000,4,112900
indep-ranks-nodewise,node,2,2000000,1000000000,4,176900
indep-ranks-nodewise,node,3,2000000,1000000000,4,148520
indep-ranks-nodewise,node,4,2000000,1000000000,4,145640
indep-ranks-nodewise,node,5,2000000,1000000000,4,145200
indep-ranks-nodewise,node,6,2000000,1000000000,4,130120
indep-ranks-nodewise,node,7,2000000,1000000000,4,156540
indep-ranks-nodewise,node,8,2000000,1000000000,4,165500
indep-ranks-nodewise,node,9,2000000,1000000000,4,147120
indep-ranks-nodewise,node,0,20000000,1000000000,4,491700
indep-ranks-nodewise,node,1,20000000,1000000000,4,491700
indep-ranks-nodewise,node,2,20000000,1000000000,4,938420
indep-ranks-nodewise,node,3,20000000,1000000000,4,611840
indep-ranks-nodewise,node,4,20000000,1000000000,4,817780
indep-ranks-nodewise,node,5,20000000,1000000000,4,467460
indep-ranks-nodewise,node,6,20000000,1000000000,4,872160
indep-ranks-nodewise,node,7,20000000,1000000000,4,980120
indep-ranks-nodewise,node,8,20000000,1000000000,4,492140
indep-ranks-nodewise,node,9,20000000,1000000000,4,1122920
indep-ranks-rackwise-40rpr,rack,0,400,1000000000,2,80
indep-ranks-rackwise-40rpr,rack,1,400,1000000000,2,80
indep-ranks-rackwise-40rpr,rack,2,400,1000000000,2,240
indep-ranks-rackwise-40rpr,rack,3,400,1000000000,2,160
indep-ranks-rackwise-40rpr,rack,4,400,1000000000,2,160
indep-ranks-rackwise-40rpr,rack,5,400,1000000000,2,80
indep-ranks-rackwise-40rpr,rack,6,400,1000000000,2,200
indep-ranks-rackwise-40rpr,rack,7,400,1000000000,2,80
indep-ranks-rackwise-40rpr,rack,8,400,1000000000,2,160
indep-ranks-rackwise-40rpr,rack,9,400,1000000000,2,160
indep-ranks-rackwise-40rpr,rack,0,4000,1000000000,2,720
indep-ranks-rackwise-40rpr,rack,1,4000,1000000000,2,720
indep-ranks-rackwise-40rpr,rack,2,4000,1000000000,2,400
indep-ranks-rackwise-40rpr,rack,3,4000,1000000000,2,320
indep-ranks-rackwise-40rpr,rack,4,4000,1000000000,2,760
indep-ranks-rackwise-40rpr,rack,5,4000,1000000000,2,240
indep-ranks-rackwise-40rpr,rack,6,4000,1000000000,2,440
indep-ranks-rackwise-40rpr,rack,7,4000,1000000000,2,200
indep-ranks-rackwise-40rpr,rack,8,4000,1000000000,2,480
indep-ranks-rackwise-40rpr,rack,9,4000,1000000000,2,800
indep-ranks-rackwise-40rpr,rack,0,40000,1000000000,2,1760
indep-ranks-rackwise-40rpr,rack,1,40000,1000000000,2,1760
indep-ranks-rackwise-40rpr,rack,2,40000,1000000000,2,2320
indep-ranks-rackwise-40rpr,rack,3,40000,1000000000,2,880
indep-ranks-rackwise-40rpr,rack,4,40000,1000000000,2,2840
indep-ranks-rackwise-40rpr,rack,5,40000,1000000000,2,1800
indep-ranks-rackwise-40rpr,rack,6,40000,1000000000,2,2000
indep-ranks-rackwise-40rpr,rack,7,40000,1000000000,2,480
indep-ranks-rackwise-40rpr,rack,8,40000,1000000000,2,1120
indep-ranks-rackwise-40rpr,rack,9,40000,1000000000,2,1840
indep-ranks-rackwise-40rpr,rack,0,400000,1000000000,2,920
indep-ranks-rackwise-40rpr,rack,1,400000,1000000000,2,920
indep-ranks-rackwise-40rpr,rack,2,400000,1000000000,2,2960
indep-ranks-rackwise-40rpr,rack,3,400000,1000000000,2,8600
indep-ranks-rackwise-40rpr,rack,4,400000,1000000000,2,3760
indep-ranks-rackwise-40rpr,rack,5,400000,1000000000,2,2760
indep-ranks-rackwise-40rpr,rack,6,400000,1000000000,2,2960
indep-ranks-rackwise-40rpr,rack,7,400000,1000000000,2,7240
indep-ranks-rackwise-40rpr,rack,8,400000,1000000000,2,8800
indep-ranks-rackwise-40rpr,rack,9,400000,1000000000,2,6960
indep-ranks-rackwise-40rpr,rack,0,4000000,1000000000,2,11640
indep-ranks-rackwise-40rpr,rack,1,4000000,1000000000,2,11640
indep-ranks-rackwise-40rpr,rack,2,4000000,1000000000,2,9600
indep-ranks-rackwise-40rpr,rack,3,4000000,1000000000,2,2240
indep-ranks-rackwise-40rpr,rack,4,4000000,1000000000,2,11800
indep-ranks-rackwise-40rpr,rack,5,4000000,1000000000,2,22680
indep-ranks-rackwise-40rpr,rack,6,4000000,1000000000,2,12000
indep-ranks-rackwise-40rpr,rack,7,4000000,1000000000,2,21080
indep-ranks-rackwise-40rpr,rack,8,4000000,1000000000,2,33040
indep-ranks-rackwise-40rpr,rack,9,4000000,1000000000,2,12720
indep-ranks-rackwise-40rpr,rack,0,40000000,1000000000,2,41600
indep-ranks-rackwise-40rpr,rack,1,40000000,1000000000,2,41600
indep-ranks-rackwise-40rpr,rack,2,40000000,1000000000,2,47520
indep-ranks-rackwise-40rpr,rack,3,40000000,1000000000,2,24560
indep-ranks-rackwise-40rpr,rack,4,40000000,1000000000,2,42360
indep-ranks-rackwise-40rpr,rack,5,40000000,1000000000,2,37440
indep-ranks-rackwise-40rpr,rack,6,40000000,1000000000,2,13400
indep-ranks-rackwise-40rpr,rack,7,40000000,1000000000,2,55640
indep-ranks-rackwise-40rpr,rack,8,40000000,1000000000,2,66760
indep-ranks-rackwise-40rpr,rack,9,40000000,1000000000,2,111040
indep-ranks-rackwise-40rpr,rack,0,400,1000000000,3,280
indep-ranks-rackwise-40rpr,rack,1,400,1000000000,3,280
indep-ranks-rackwise-40rpr,rack,2,400,1000000000,3,160
indep-ranks-rackwise-40rpr,rack,3,400,1000000000,3,160
indep-ranks-rackwise-40rpr,rack,4,400,1000000000,3,240
indep-ranks-rackwise-40rpr,rack,5,400,1000000000,3,280
indep-ranks-rackwise-40rpr,rack,6,400,1000000000,3,200
indep-ranks-rackwise-40rpr,rack,7,400,1000000000,3,280
indep-ranks-rackwise-40rpr,rack,8,400,1000000000,3,280
indep-ranks-rackwise-40rpr,rack,9,400,1000000000,3,120
indep-ranks-rackwise-40rpr,rack,0,4000,1000000000,3,840
indep-ranks-rackwise-40rpr,rack,1,4000,1000000000,3,840
indep-ranks-rackwise-40rpr,rack,2,4000,1000000000,3,520
indep-ranks-rackwise-40rpr,rack,3,4000,1000000000,3,760
indep-ranks-rackwise-40rpr,rack,4,4000,1000000000,3,360
indep-ranks-rackwise-40rpr,rack,5,4000,1000000000,3,1240
indep-ranks-rackwise-40rpr,rack,6,4000,1000000000,3,720
indep-ranks-rackwise-40rpr,rack,7,4000,1000000000,3,440
indep-ranks-rackwise-40rpr,rack,8,4000,1000000000,3,1400
indep-ranks-rackwise-40rpr,rack,9,4000,1000000000,3,1000
indep-ranks-rackwise-40rpr,rack,0,40000,1000000000,3,3640
indep-ranks-rackwise-40rpr,rack,1,40000,1000000000,3,3640
indep-ranks-rackwise-40rpr,rack,2,40000,1000000000,3,4200
indep-ranks-rackwise-40rpr,rack,3,40000,1000000000,3,4640
indep-ranks-rackwise-40rpr,rack,4,40000,1000000000,3,5080
indep-ranks-rackwise-40rpr,rack,5,40000,1000000000,3,4040
indep-ranks-rackwise-40rpr,rack,6,40000,1000000000,3,4040
indep-ranks-rackwise-40rpr,rack,7,40000,1000000000,3,2240
indep-ranks-rackwise-40rpr,rack,8,40000,1000000000,3,2960
indep-ranks-rackwise-40rpr,rack,9,40000,1000000000,3,2080
indep-ranks-rackwise-40rpr,rack,0,400000,1000000000,3,17200
indep-ranks-rackwise-40rpr,rack,1,400000,1000000000,3,17200
indep-ranks-rackwise-40rpr,rack,2,400000,1000000000,3,6560
indep-ranks-rackwise-40rpr,rack,3,400000,1000000000,3,10520
indep-ranks-rackwise-40rpr,rack,4,400000,1000000000,3,1520
indep-ranks-rackwise-40rpr,rack,5,400000,1000000000,3,12600
indep-ranks-rackwise-40rpr,rack,6,400000,1000000000,3,22240
indep-ranks-rackwise-40rpr,rack,7,400000,1000000000,3,18920
indep-ranks-rackwise-40rpr,rack,8,400000,1000000000,3,22640
indep-ranks-rackwise-40rpr,rack,9,400000,1000000000,3,18840
indep-ranks-rackwise-40rpr,rack,0,4000000,1000000000,3,42280
indep-ranks-rackwise-40rpr,rack,1,4000000,1000000000,3,42280
indep-ranks-rackwise-40rpr,rack,2,4000000,1000000000,3,28880
indep-ranks-rackwise-40rpr,rack,3,4000000,1000000000,3,95280
indep-ranks-rackwise-40rpr,rack,4,4000000,1000000000,3,82640
indep-ranks-rackwise-40rpr,rack,5,4000000,1000000000,3,84280
indep-ranks-rackwise-40rpr,rack,6,4000000,1000000000,3,88120
indep-ranks-rackwise-40rpr,rack,7,4000000,1000000000,3,91280
indep-ranks-rackwise-40rpr,rack,8,4000000,1000000000,3,66440
indep-ranks-rackwise-40rpr,rack,9,4000000,1000000000,3,31000
indep-ranks-rackwise-40rpr,rack,0,40000000,1000000000,3,303640
indep-ranks-rackwise-40rpr,rack,1,40000000,1000000000,3,303640
indep-ranks-rackwise-40rpr,rack,2,40000000,1000000000,3,317440
indep-ranks-rackwise-40rpr,rack,3,40000000,1000000000,3,365080
indep-ranks-rackwise-40rpr,rack,4,40000000,1000000000,3,537600
indep-ranks-rackwise-40rpr,rack,5,40000000,1000000000,3,410720
indep-ranks-rackwise-40rpr,rack,6,40000000,1000000000,3,500280
indep-ranks-rackwise-40rpr,rack,7,40000000,1000000000,3,302120
indep-ranks-rackwise-40rpr,rack,8,40000000,1000000000,3,385160
indep-ranks-rackwise-40rpr,rack,9,40000000,1000000000,3,351240
indep-ranks-rackwise-40rpr,rack,0,400,1000000000,4,320
indep-ranks-rackwise-40rpr,rack,1,400,1000000000,4,320
indep-ranks-rackwise-40rpr,rack,2,400,1000000000,4,280
indep-ranks-rackwise-40rpr,rack,3,400,1000000000,4,320
indep-ranks-rackwise-40rpr,rack,4,400,1000000000,4,320
indep-ranks-rackwise-40rpr,rack,5,400,1000000000,4,320
indep-ranks-rackwise-40rpr,rack,6,400,1000000000,4,280
indep-ranks-rackwise-40rpr,rack,7,400,1000000000,4,320
indep-ranks-rackwise-40rpr,rack,8,400,1000000000,4,320
indep-ranks-rackwise-40rpr,rack,9,400,1000000000,4,200
indep-ranks-rackwise-40rpr,rack,0,4000,1000000000,4,1880
indep-ranks-rackwise-40rpr,rack,1,4000,1000000000,4,1880
indep-ranks-rackwise-40rpr,rack,2,4000,1000000000,4,1360
indep-ranks-rackwise-40rpr,rack,3,4000,1000000000,4,1680
indep-ranks-rackwise-40rpr,rack,4,4000,1000000000,4,1760
indep-ranks-rackwise-40rpr,rack,5,4000,1000000000,4,2400
indep-ranks-rackwise-40rpr,rack,6,4000,1000000000,4,1240
indep-ranks-rackwise-40rpr,rack,7,4000,1000000000,4,1840
indep-ranks-rackwise-40rpr,rack,8,4000,1000000000,4,1840
indep-ranks-rackwise-40rpr,rack,9,4000,1000000000,4,1720
indep-ranks-rackwise-40rpr,rack,0,40000,1000000000,4,4960
indep-ranks-rackwise-40rpr,rack,1,40000,1000000000,4,4960
indep-ranks-rackwise-40rpr,rack,2,40000,1000000000,4,12920
indep-ranks-rackwise-40rpr,rack,3,40000,1000000000,4,9080
indep-ranks-rackwise-40rpr,rack,4,40000,1000000000,4,10520
indep-ranks-rackwise-40rpr,rack,5,40000,1000000000,4,9040
indep-ranks-rackwise-40rpr,rack,6,40000,1000000000,4,3080
indep-ranks-rackwise-40rpr,rack,7,40000,1000000000,4,6160
indep-ranks-rackwise-40rpr,rack,8,40000,1000000000,4,11640
indep-ranks-rackwise-40rpr,rack,9,40000,1000000000,4,9520
indep-ranks-rackwise-40rpr,rack,0,400000,1000000000,4,19440
indep-ranks-rackwise-40rpr,rack,1,400000,1000000000,4,19440
indep-ranks-rackwise-40rpr,rack,2,400000,1000000000,4,56560
indep-ranks-rackwise-40rpr,rack,3,400000,1000000000,4,68440
indep-ranks-rackwise-40rpr,rack,4,400000,1000000000,4,45480
indep-ranks-rackwise-40rpr,rack,5,400000,1000000000,4,68520
indep-ranks-rackwise-40rpr,rack,6,400000,1000000000,4,39840
indep-ranks-rackwise-40rpr,rack,7,400000,1000000000,4,69720
indep-ranks-rackwise-40rpr,rack,8,400000,1000000000,4,72240
indep-ranks-rackwise-40rpr,rack,9,400000,1000000000,4,44080
indep-ranks-rackwise-40rpr,rack,0,4000000,1000000000,4,225800
indep-ranks-rackwise-40rpr,rack,1,4000000,1000000000,4,225800
indep-ranks-rackwise-40rpr,rack,2,4000000,1000000000,4,353800
indep-ranks-rackwise-40rpr,rack,3,4000000,1000000000,4,297040
indep-ranks-rackwise-40rpr,rack,4,4000000,1000000000,4,291280
indep-ranks-rackwise-40rpr,rack,5,4000000,1000000000,4,290400
indep-ranks-rackwise-40rpr,rack,6,4000000,1000000000,4,260240
indep-ranks-rackwise-40rpr,rack,7,4000000,1000000000,4,313080
indep-ranks-rackwise-40rpr,rack,8,4000000,1000000000,4,331000
indep-ranks-rackwise-40rpr,rack,9,4000000,1000000000,4,294240
indep-ranks-rackwise-40rpr,rack,0,40000000,1000000000,4,983400
indep-ranks-rackwise-40rpr,rack,1,40000000,1000000000,4,983400
indep-ranks-rackwise-40rpr,rack,2,40000000,1000000000,4,1876840
indep-ranks-rackwise-40rpr,rack,3,40000000,1000000000,4,1223680
indep-ranks-rackwise-40rpr,rack,4,40000000,1000000000,4,1635560
indep-ranks-rackwise-40rpr,rack,5,40000000,1000000000,4,934920
indep-ranks-rackwise-40rpr,rack,6,40000000,1000000000,4,1744320
indep-ranks-rackwise-40rpr,rack,7,40000000,1000000000,4,1960240
indep-ranks-rackwise-40rpr,rack,8,40000000,1000000000,4,984280
indep-ranks-rackwise-40rpr,rack,9,40000000,1000000000,4,2245840
indep-ranks-rackwise-80rpr,rack,0,800,1000000000,2,160
indep-ranks-rackwise-80rpr,rack,1,800,1000000000,2,160
indep-ranks-rackwise-80rpr,rack,2,800,1000000000,2,480
indep-ranks-rackwise-80rpr,rack,3,800,1000000000,2,320
indep-ranks-rackwise-80rpr,rack,4,800,1000000000,2,320
indep-ranks-rackwise-80rpr,rack,5,800,1000000000,2,160
indep-ranks-rackwise-80rpr,rack,6,800,1000000000,2,400
indep-ranks-rackwise-80rpr,rack,7,800,1000000000,2,160
indep-ranks-rackwise-80rpr,rack,8,800,1000000000,2,320
indep-ranks-rackwise-80rpr,rack,9,800,1000000000,2,320
indep-ranks-rackwise-80rpr,rack,0,8000,1000000000,2,1440
indep-ranks-rackwise-80rpr,rack,1,8000,1000000000,2,1440
indep-ranks-rackwise-80rpr,rack,2,8000,1000000000,2,800
indep-ranks-rackwise-80rpr,rack,3,8000,1000000000,2,640
indep-ranks-rackwise-80rpr,rack,4,8000,1000000000,2,1520
indep-ranks-rackwise-80rpr,rack,5,8000,1000000000,2,480
indep-ranks-rackwise-80rpr,rack,6,8000,1000000000,2,880
indep-ranks-rackwise-80rpr,rack,7,8000,1000000000,2,400
indep-ranks-rackwise-80rpr,rack,8,8000,1000000000,2,960
indep-ranks-rackwise-80rpr,rack,9,8000,1000000000,2,1600
indep-ranks-rackwise-80rpr,rack,0,80000,1000000000,2,3520
indep-ranks-rackwise-80rpr,rack,1,80000,1000000000,2,3520
indep-ranks-rackwise-80rpr,rack,2,80000,1000000000,2,4640
indep-ranks-rackwise-80rpr,rack,3,80000,1000000000,2,1760
indep-ranks-rackwise-80rpr,rack,4,80000,1000000000,2,5680
indep-ranks-rackwise-80rpr,rack,5,80000,1000000000,2,3600
indep-ranks-rackwise-80rpr,rack,6,80000,1000000000,2,4000
indep-ranks-rackwise-80rpr,rack,7,80000,1000000000,2,960
indep-ranks-rackwise-80rpr,rack,8,80000,1000000000,2,2240
indep-ranks-rackwise-80rpr,rack,9,80000,1000000000,2,3680
indep-ranks-rackwise-80rpr,rack,0,800000,1000000000,2,1840
indep-ranks-rackwise-80rpr,rack,1,800000,1000000000,2,1840
indep-ranks-rackwise-80rpr,rack,2,800000,1000000000,2,5920
indep-ranks-rackwise-80rpr,rack,3,800000,1000000000,2,17200
indep-ranks-rackwise-80rpr,rack,4,800000,1000000000,2,7520
indep-ranks-rackwise-80rpr,rack,5,800000,1000000000,2,5520
indep-ranks-rackwise-80rpr,rack,6,800000,1000000000,2,5920
indep-ranks-rackwise-80rpr,rack,7,800000,1000000000,2,14480
indep-ranks-rackwise-80rpr,rack,8,800000,1000000000,2,17600
indep-ranks-rackwise-80rpr,rack,9,800000,1000000000,2,13920
indep-ranks-rackwise-80rpr,rack,0,8000000,1000000000,2,23280
indep-ranks-rackwise-80rpr,rack,1,8000000,1000000000,2,23280
indep-ranks-rackwise-80rpr,rack,2,8000000,1000000000,2,19200
indep-ranks-rackwise-80rpr,rack,3,8000000,1000000000,2,4480
indep-ranks-rackwise-80rpr,rack,4,8000000,1000000000,2,23600
indep-ranks-rackwise-80rpr,rack,5,8000000,1000000000,2,45360
indep-ranks-rackwise-80rpr,rack,6,8000000,1000000000,2,24000
indep-ranks-rackwise-80rpr,rack,7,8000000,1000000000,2,42160
indep-ranks-rackwise-80rpr,rack,8,8000000,1000000000,2,66080
indep-ranks-rackwise-80rpr,rack,9,8000000,1000000000,2,25440
indep-ranks-rackwise-80rpr,rack,0,80000000,1000000000,2,83200
indep-ranks-rackwise-80rpr,rack,1,80000000,1000000000,2,83200
indep-ranks-rackwise-80rpr,rack,2,80000000,1000000000,2,95040
indep-ranks-rackwise-80rpr,rack,3,80000000,1000000000,2,49120
indep-ranks-rackwise-80rpr,rack,4,80000000,1000000000,2,84720
indep-ranks-rackwise-80rpr,rack,5,80000000,1000000000,2,74880
indep-ranks-rackwise-80rpr,rack,6,80000000,1000000000,2,26800
indep-ranks-rackwise-80rpr,rack,7,80000000,1000000000,2,111280
indep-ranks-rackwise-80rpr,rack,8,80000000,1000000000,2,133520
indep-ranks-rackwise-80rpr,rack,9,80000000,1000000000,2,222080
indep-ranks-rackwise-80rpr,rack,0,800,1000000000,3,560
indep-ranks-rackwise-80rpr,rack,1,800,1000000000,3,560
indep-ranks-rackwise-80rpr,rack,2,800,1000000000,3,320
indep-ranks-rackwise-80rpr,rack,3,800,1000000000,3,320
indep-ranks-rackwise-80rpr,rack,4,800,1000000000,3,480
indep-ranks-rackwise-80rpr,rack,5,800,1000000000,3,560
indep-ranks-rackwise-80rpr,rack,6,800,1000000000,3,400
indep-ranks-rackwise-80rpr,rack,7,800,1000000000,3,560
indep-ranks-rackwise-80rpr,rack,8,800,1000000000,3,560
indep-ranks-rackwise-80rpr,rack,9,800,1000000000,3,240
indep-ranks-rackwise-80rpr,rack,0,8000,1000000000,3,1680
indep-ranks-rackwise-80rpr,rack,1,8000,1000000000,3,1680
indep-ranks-rackwise-80rpr,rack,2,8000,1000000000,3,1040
indep-ranks-rackwise-80rpr,rack,3,8000,1000000000,3,1520
indep-ranks-rackwise-80rpr,rack,4,8000,1000000000,3,720
indep-ranks-rackwise-80rpr,rack,5,8000,1000000000,3,2480
indep-ranks-rackwise-80rpr,rack,6,8000,1000000000,3,1440
indep-ranks-rackwise-80rpr,rack,7,8000,1000000000,3,880
indep-ranks-rackwise-80rpr,rack,8,8000,1000000000,3,2800
indep-ranks-rackwise-80rpr,rack,9,8000,1000000000,3,2000
indep-ranks-rackwise-80rpr,rack,0,80000,1000000000,3,7280
indep-ranks-rackwise-80rpr,rack,1,80000,1000000000,3,7280
indep-ranks-rackwise-80rpr,rack,2,80000,1000000000,3,8400
indep-ranks-rackwise-80rpr,rack,3,80000,1000000000,3,9280
indep-ranks-rackwise-80rpr,rack,4,80000,1000000000,3,10160
indep-ranks-rackwise-80rpr,rack,5,80000,1000000000,3,8080
indep-ranks-rackwise-80rpr,rack,6,80000,1000000000,3,8080
indep-ranks-rackwise-80rpr,rack,7,80000,1000000000,3,4480
indep-ranks-rackwise-80rpr,rack,8,80000,1000000000,3,5920
indep-ranks-rackwise-80rpr,rack,9,80000,1000000000,3,4160
indep-ranks-rackwise-80rpr,rack,0,800000,1000000000,3,34400
indep-ranks-rackwise-80rpr,rack,1,800000,1000000000,3,34400
indep-ranks-rackwise-80rpr,rack,2,800000,1000000000,3,13120
indep-ranks-rackwise-80rpr,rack,3,800000,1000000000,3,21040
indep-ranks-rackwise-80rpr,rack,4,800000,1000000000,3,3040
indep-ranks-rackwise-80rpr,rack,5,800000,1000000000,3,25200
indep-ranks-rackwise-80rpr,rack,6,800000,1000000000,3,44480
indep-ranks-rackwise-80rpr,rack,7,800000,1000000000,3,37840
indep-ranks-rackwise-80rpr,rack,8,800000,1000000000,3,45280
indep-ranks-rackwise-80rpr,rack,9,800000,1000000000,3,37680
indep-ranks-rackwise-80rpr,rack,0,8000000,1000000000,3,84560
indep-ranks-rackwise-80rpr,rack,1,8000000,1000000000,3,84560
indep-ranks-rackwise-80rpr,rack,2,8000000,1000000000,3,57760
indep-ranks-rackwise-80rpr,rack,3,8000000,1000000000,3,190560
indep-ranks-rackwise-80rpr,rack,4,8000000,1000000000,3,165280
indep-ranks-rackwise-80rpr,rack,5,8000000,1000000000,3,168560
indep-ranks-rackwise-80rpr,rack,6,8000000,1000000000,3,176240
indep-ranks-rackwise-80rpr,rack,7,8000000,1000000000,3,182560
indep-ranks-rackwise-80rpr,rack,8,8000000,1000000000,3,132880
indep-ranks-rackwise-80rpr,rack,9,8000000,1000000000,3,62000
indep-ranks-rackwise-80rpr,rack,0,80000000,1000000000,3,607280
indep-ranks-rackwise-80rpr,rack,1,80000000,1000000000,3,607280
indep-ranks-rackwise-80rpr,rack,2,80000000,1000000000,3,634880
indep-ranks-rackwise-80rpr,rack,3,80000000,1000000000,3,730160
indep-ranks-rackwise-80rpr,rack,4,80000000,1000000000,3,1075200
indep-ranks-rackwise-80rpr,rack,5,80000000,1000000000,3,821440
indep-ranks-rackwise-80rpr,rack,6,80000000,1000000000,3,1000560
indep-ranks-rackwise-80rpr,rack,7,80000000,1000000000,3,604240
indep-ranks-rackwise-80rpr,rack,8,80000000,1000000000,3,770320
indep-ranks-rackwise-80rpr,rack,9,80000000,1000000000,3,702480
indep-ranks-rackwise-80rpr,rack,0,800,1000000000,4,640
indep-ranks-rackwise-80rpr,rack,1,800,1000000000,4,640
indep-ranks-rackwise-80rpr,rack,2,800,1000000000,4,560
indep-ranks-rackwise-80rpr,rack,3,800,1000000000,4,640
indep-ranks-rackwise-80rpr,rack,4,800,1000000000,4,640
indep-ranks-rackwise-80rpr,rack,5,800,1000000000,4,640
indep-ranks-rackwise-80rpr,rack,6,800,1000000000,4,560
indep-ranks-rackwise-80rpr,rack,7,800,1000000000,4,640
indep-ranks-rackwise-80rpr,rack,8,800,1000000000,4,640
indep-ranks-rackwise-80rpr,rack,9,800,1000000000,4,400
indep-ranks-rackwise-80rpr,rack,0,8000,1000000000,4,3760
indep-ranks-rackwise-80rpr,rack,1,8000,1000000000,4,3760
indep-ranks-rackwise-80rpr,rack,2,8000,1000000000,4,2720
indep-ranks-rackwise-80rpr,rack,3,8000,1000000000,4,3360
indep-ranks-rackwise-80rpr,rack,4,8000,1000000000,4,3520
indep-ranks-rackwise-80rpr,rack,5,8000,1000000000,4,4800
indep-ranks-rackwise-80rpr,rack,6,8000,1000000000,4,2480
indep-ranks-rackwise-80rpr,rack,7,8000,1000000000,4,3680
indep-ranks-rackwise-80rpr,rack,8,8000,1000000000,4,3680
indep-ranks-rackwise-80rpr,rack,9,8000,1000000000,4,3440
indep-ranks-rackwise-80rpr,rack,0,80000,1000000000,4,9920
indep-ranks-rackwise-80rpr,rack,1,80000,1000000000,4,9920
indep-ranks-rackwise-80rpr,rack,2,80000,1000000000,4,25840
indep-ranks-rackwise-80rpr,rack,3,80000,1000000000,4,18160
indep-ranks-rackwise-80rpr,rack,4,80000,1000000000,4,21040
indep-ranks-rackwise-80rpr,rack,5,80000,1000000000,4,18080
indep-ranks-rackwise-80rpr,rack,6,80000,1000000000,4,6160
indep-ranks-rackwise-80rpr,rack,7,80000,1000000000,4,12320
indep-ranks-rackwise-80rpr,rack,8,80000,1000000000,4,23280
indep-ranks-rackwise-80rpr,rack,9,80000,1000000000,4,19040
indep-ranks-rackwise-80rpr,rack,0,800000,1000000000,4,38880
indep-ranks-rackwise-80rpr,rack,1,800000,1000000000,4,38880
indep-ranks-rackwise-80rpr,rack,2,800000,1000000000,4,113120
indep-ranks-rackwise-80rpr,rack,3,800000,1000000000,4,136880
indep-ranks-rackwise-80rpr,rack,4,800000,1000000000,4,90960
indep-ranks-rackwise-80rpr,rack,5,800000,1000000000,4,137040
indep-ranks-rackwise-80rpr,rack,6,800000,1000000000,4,79680
indep-ranks-rackwise-80rpr,rack,7,800000,1000000000,4,139440
indep-ranks-rackwise-80rpr,rack,8,800000,1000000000,4,144480
indep-ranks-rackwise-80rpr,rack,9,800000,1000000000,4,88160
indep-ranks-rackwise-80rpr,rack,0,8000000,1000000000,4,451600
indep-ranks-rackwise-80rpr,rack,1,8000000,1000000000,4,451600
indep-ranks-rackwise-80rpr,rack,2,8000000,1000000000,4,707600
indep-ranks-rackwise-80rpr,rack,3,8000000,1000000000,4,594080
indep-ranks-rackwise-80rpr,rack,4,8000000,1000000000,4,582560
indep-ranks-rackwise-80rpr,rack,5,8000000,1000000000,4,580800
indep-ranks-rackwise-80rpr,rack,6,8000000,1000000000,4,520480
indep-ranks-rackwise-80rpr,rack,7,8000000,1000000000,4,626160
indep-ranks-rackwise-80rpr,rack,8,8000000,1000000000,4,662000
indep-ranks-rackwise-80rpr,rack,9,8000000,1000000000,4,588480
indep-ranks-rackwise-80rpr,rack,0,80000000,1000000000,4,1966800
indep-ranks-rackwise-80rpr,rack,1,80000000,1000000000,4,1966800
indep-ranks-rackwise-80rpr,rack,2,80000000,1000000000,4,3753680
indep-ranks-rackwise-80rpr,rack,3,80000000,1000000000,4,2447360
indep-ranks-rackwise-80rpr,rack,4,80000000,1000000000,4,3271120
indep-ranks-rackwise-80rpr,rack,5,80000000,1000000000,4,1869840
indep-ranks-rackwise-80rpr,rack,6,80000000,1000000000,4,3488640
indep-ranks-rackwise-80rpr,rack,7,80000000,1000000000,4,3920480
indep-ranks-rackwise-80rpr,rack,8,80000000,1000000000,4,1968560
indep-ranks-rackwise-80rpr,rack,9,80000000,1000000000,4,4491680
indep-ranks-rackwise-160rpr,rack,0,1600,1000000000,2,320
indep-ranks-rackwise-160rpr,rack,1,1600,1000000000,2,320
indep-ranks-rackwise-160rpr,rack,2,1600,1000000000,2,960
indep-ranks-rackwise-160rpr,rack,3,1600,1000000000,2,640
indep-ranks-rackwise-160rpr,rack,4,1600,1000000000,2,640
indep-ranks-rackwise-160rpr,rack,5,1600,1000000000,2,320
indep-ranks-rackwise-160rpr,rack,6,1600,1000000000,2,800
indep-ranks-rackwise-160rpr,rack,7,1600,1000000000,2,320
indep-ranks-rackwise-160rpr,rack,8,1600,1000000000,2,640
indep-ranks-rackwise-160rpr,rack,9,1600,1000000000,2,640
indep-ranks-rackwise-160rpr,rack,0,16000,1000000000,2,2880
indep-ranks-rackwise-160rpr,rack,1,16000,1000000000,2,2880
indep-ranks-rackwise-160rpr,rack,2,16000,1000000000,2,1600
indep-ranks-rackwise-160rpr,rack,3,16000,1000000000,2,1280
indep-ranks-rackwise-160rpr,rack,4,16000,1000000000,2,3040
indep-ranks-rackwise-160rpr,rack,5,16000,1000000000,2,960
indep-ranks-rackwise-160rpr,rack,6,16000,1000000000,2,1760
indep-ranks-rackwise-160rpr,rack,7,16000,1000000000,2,800
indep-ranks-rackwise-160rpr,rack,8,16000,1000000000,2,1920
indep-ranks-rackwise-160rpr,rack,9,16000,1000000000,2,3200
indep-ranks-rackwise-160rpr,rack,0,160000,1000000000,2,7040
indep-ranks-rackwise-160rpr,rack,1,160000,1000000000,2,7040
indep-ranks-rackwise-160rpr,rack,2,160000,1000000000,2,9280
indep-ranks-rackwise-160rpr,rack,3,160000,1000000000,2,3520
indep-ranks-rackwise-160rpr,rack,4,160000,1000000000,2,11360
indep-ranks-rackwise-160rpr,rack,5,160000,1000000000,2,7200
indep-ranks-rackwise-160rpr,rack,6,160000,1000000000,2,8000
indep-ranks-rackwise-160rpr,rack,7,160000,1000000000,2,1920
indep-ranks-rackwise-160rpr,rack,8,160000,1000000000,2,4480
indep-ranks-rackwise-160rpr,rack,9,160000,1000000000,2,7360
indep-ranks-rackwise-160rpr,rack,0,1600000,1000000000,2,3680
indep-ranks-rackwise-160rpr,rack,1,1600000,1000000000,2,3680
indep-ranks-rackwise-160rpr,rack,2,1600000,1000000000,2,11840
indep-ranks-rackwise-160rpr,rack,3,1600000,1000000000,2,34400
indep-ranks-rackwise-160rpr,rack,4,1600000,1000000000,2,15040
indep-ranks-rackwise-160rpr,rack,5,1600000,1000000000,2,11040
indep-ranks-rackwise-160rpr,rack,6,1600000,1000000000,2,11840
indep-ranks-rackwise-160rpr,rack,7,1600000,1000000000,2,28960
indep-ranks-rackwise-160rpr,rack,8,1600000,1000000000,2,35200
indep-ranks-rackwise-160rpr,rack,9,1600000,1000000000,2,27840
indep-ranks-rackwise-160rpr,rack,0,16000000,1000000000,2,46560
indep-ranks-rackwise-160rpr,rack,1,16000000,1000000000,2,46560
indep-ranks-rackwise-160rpr,rack,2,16000000,1000000000,2,38400
indep-ranks-rackwise-160rpr,rack,3,16000000,1000000000,2,8960
indep-ranks-rackwise-160rpr,rack,4,16000000,1000000000,2,47200
indep-ranks-rackwise-160rpr,rack,5,16000000,1000000000,2,90720
indep-ranks-rackwise-160rpr,rack,6,16000000,1000000000,2,48000
indep-ranks-rackwise-160rpr,rack,7,16000000,1000000000,2,84320
indep-ranks-rackwise-160rpr,rack,8,16000000,1000000000,2,132160
indep-ranks-rackwise-160rpr,rack,9,16000000,1000000000,2,50880
indep-ranks-rackwise-160rpr,rack,0,160000000,1000000000,2,166400
indep-ranks-rackwise-160rpr,rack,1,160000000,1000000000,2,166400
indep-ranks-rackwise-160rpr,rack,2,160000000,1000000000,2,190080
indep-ranks-rackwise-160rpr,rack,3,160000000,1000000000,2,98240
indep-ranks-rackwise-160rpr,rack,4,160000000,1000000000,2,169440
indep-ranks-rackwise-160rpr,rack,5,160000000,1000000000,2,149760
indep-ranks-rackwise-160rpr,rack,6,160000000,1000000000,2,53600
indep-ranks-rackwise-160rpr,rack,7,160000000,1000000000,2,222560
indep-ranks-rackwise-160rpr,rack,8,160000000,1000000000,2,267040
indep-ranks-rackwise-160rpr,rack,9,160000000,1000000000,2,444160
indep-ranks-rackwise-160rpr,rack,0,1600,1000000000,3,1120
indep-ranks-rackwise-160rpr,rack,1,1600,1000000000,3,1120
indep-ranks-rackwise-160rpr,rack,2,1600,1000000000,3,640
indep-ranks-rackwise-160rpr,rack,3,1600,1000000000,3,640
indep-ranks-rackwise-160rpr,rack,4,1600,1000000000,3,960
indep-ranks-rackwise-160rpr,rack,5,1600,1000000000,3,1120
indep-ranks-rackwise-160rpr,rack,6,1600,1000000000,3,800
indep-ranks-rackwise-160rpr,rack,7,1600,1000000000,3,1120
indep-ranks-rackwise-160rpr,rack,8,1600,1000000000,3,1120
indep-ranks-rackwise-160rpr,rack,9,1600,1000000000,3,480
indep-ranks-rackwise-160rpr,rack,0,16000,1000000000,3,3360
indep-ranks-rackwise-160rpr,rack,1,16000,1000000000,3,3360
indep-ranks-rackwise-160rpr,rack,2,16000,1000000000,3,2080
indep-ranks-rackwise-160rpr,rack,3,16000,1000000000,3,3040
indep-ranks-rackwise-160rpr,rack,4,16000,1000000000,3,1440
indep-ranks-rackwise-160rpr,rack,5,16000,1000000000,3,4960
indep-ranks-rackwise-160rpr,rack,6,16000,1000000000,3,2880
indep-ranks-rackwise-160rpr,rack,7,16000,1000000000,3,1760
indep-ranks-rackwise-160rpr,rack,8,16000,1000000000,3,5600
indep-ranks-rackwise-160rpr,rack,9,16000,1000000000,3,4000
indep-ranks-rackwise-160rpr,rack,0,160000,1000000000,3,14560
indep-ranks-rackwise-160rpr,rack,1,160000,1000000000,3,14560
indep-ranks-rackwise-160rpr,rack,2,160000,1000000000,3,16800
indep-ranks-rackwise-160rpr,rack,3,160000,1000000000,3,18560
indep-ranks-rackwise-160rpr,rack,4,160000,1000000000,3,20320
indep-ranks-rackwise-160rpr,rack,5,160000,1000000000,3,16160
indep-ranks-rackwise-160rpr,rack,6,160000,1000000000,3,16160
indep-ranks-rackwise-160rpr,rack,7,160000,1000000000,3,8960
indep-ranks-rackwise-160rpr,rack,8,160000,1000000000,3,11840
indep-ranks-rackwise-160rpr,rack,9,160000,1000000000,3,8320
indep-ranks-rackwise-160rpr,rack,0,1600000,1000000000,3,68800
indep-ranks-rackwise-160rpr,rack,1,1600000,1000000000,3,68800
indep-ranks-rackwise-160rpr,rack,2,1600000,1000000000,3,26240
indep-ranks-rackwise-160rpr,rack,3,1600000,1000000000,3,42080
indep-ranks-rackwise-160rpr,rack,4,1600000,1000000000,3,6080
indep-ranks-rackwise-160rpr,rack,5,1600000,1000000000,3,50400
indep-ranks-rackwise-160rpr,rack,6,1600000,1000000000,3,88960
indep-ranks-rackwise-160rpr,rack,7,1600000,1000000000,3,75680
indep-ranks-rackwise-160rpr,rack,8,1600000,1000000000,3,90560
indep-ranks-rackwise-160rpr,rack,9,1600000,1000000000,3,75360
indep-ranks-rackwise-160rpr,rack,0,16000000,1000000000,3,169120
indep-ranks-rackwise-160rpr,rack,1,16000000,1000000000,3,169120
indep-ranks-rackwise-160rpr,rack,2,16000000,1000000000,3,115520
indep-ranks-rackwise-160rpr,rack,3,16000000,1000000000,3,381120
indep-ranks-rackwise-160rpr,rack,4,16000000,1000000000,3,330560
indep-ranks-rackwise-160rpr,rack,5,16000000,1000000000,3,337120
indep-ranks-rackwise-160rpr,rack,6,16000000,1000000000,3,352480
indep-ranks-rackwise-160rpr,rack,7,16000000,1000000000,3,365120
indep-ranks-rackwise-160rpr,rack,8,16000000,1000000000,3,265760
indep-ranks-rackwise-160rpr,rack,9,16000000,1000000000,3,124000
indep-ranks-rackwise-160rpr,rack,0,160000000,1000000000,3,1214560
indep-ranks-rackwise-160rpr,rack,1,160000000,1000000000,3,1214560
indep-ranks-rackwise-160rpr,rack,2,160000000,1000000000,3,1269760
indep-ranks-rackwise-160rpr,rack,3,160000000,1000000000,3,1460320
indep-ranks-rackwise-160rpr,rack,4,160000000,1000000000,3,2150400
indep-ranks-rackwise-160rpr,rack,5,160000000,1000000000,3,1642880
indep-ranks-rackwise-160rpr,rack,6,160000000,1000000000,3,2001120
indep-ranks-rackwise-160rpr,rack,7,160000000,1000000000,3,1208480
indep-ranks-rackwise-160rpr,rack,8,160000000,1000000000,3,1540640
indep-ranks-rackwise-160rpr,rack,9,160000000,1000000000,3,1404960
indep-ranks-rackwise-160rpr,rack,0,1600,1000000000,4,1280
indep-ranks-rackwise-160rpr,rack,1,1600,1000000000,4,1280
indep-ranks-rackwise-160rpr,rack,2,1600,1000000000,4,1120
indep-ranks-rackwise-160rpr,rack,3,1600,1000000000,4,1280
indep-ranks-rackwise-160rpr,rack,4,1600,1000000000,4,1280
indep-ranks-rackwise-160rpr,rack,5,1600,1000000000,4,1280
indep-ranks-rackwise-160rpr,rack,6,1600,1000000000,4,1120
indep-ranks-rackwise-160rpr,rack,7,1600,1000000000,4,1280
indep-ranks-rackwise-160rpr,rack,8,1600,1000000000,4,1280
indep-ranks-rackwise-160rpr,rack,9,1600,1000000000,4,800
indep-ranks-rackwise-160rpr,rack,0,16000,1000000000,4,7520
indep-ranks-rackwise-160rpr,rack,1,16000,1000000000,4,7520
indep-ranks-rackwise-160rpr,rack,2,16000,1000000000,4,5440
indep-ranks-rackwise-160rpr,rack,3,16000,1000000000,4,6720
indep-ranks-rackwise-160rpr,rack,4,16000,1000000000,4,7040
indep-ranks-rackwise-160rpr,rack,5,16000,1000000000,4,9600
indep-ranks-rackwise-160rpr,rack,6,16000,1000000000,4,4960
indep-ranks-rackwise-160rpr,rack,7,16000,1000000000,4,7360
indep-ranks-rackwise-160rpr,rack,8,16000,1000000000,4,7360
indep-ranks-rackwise-160rpr,rack,9,16000,1000000000,4,6880
indep-ranks-rackwise-160rpr,rack,0,160000,1000000000,4,19840
indep-ranks-rackwise-160rpr,rack,1,160000,1000000000,4,19840
indep-ranks-rackwise-160rpr,rack,2,160000,1000000000,4,51680
indep-ranks-rackwise-160rpr,rack,3,160000,1000000000,4,36320
indep-ranks-rackwise-160rpr,rack,4,160000,1000000000,4,42080
indep-ranks-rackwise-160rpr,rack,5,160000,1000000000,4,36160
indep-ranks-rackwise-160rpr,rack,6,160000,1000000000,4,12320
indep-ranks-rackwise-160rpr,rack,7,160000,1000000000,4,24640
indep-ranks-rackwise-160rpr,rack,8,160000,1000000000,4,46560
indep-ranks-rackwise-160rpr,rack,9,160000,1000000000,4,38080
indep-ranks-rackwise-160rpr,rack,0,1600000,1000000000,4,77760
indep-ranks-rackwise-160rpr,rack,1,1600000,1000000000,4,77760
indep-ranks-rackwise-160rpr,rack,2,1600000,1000000000,4,226240
indep-ranks-rackwise-160rpr,rack,3,1600000,1000000000,4,273760
indep-ranks-rackwise-160rpr,rack,4,1600000,1000000000,4,181920
indep-ranks-rackwise-160rpr,rack,5,1600000,1000000000,4,274080
indep-ranks-rackwise-160rpr,rack,6,1600000,1000000000,4,159360
indep-ranks-rackwise-160rpr,rack,7,1600000,1000000000,4,278880
indep-ranks-rackwise-160rpr,rack,8,1600000,1000000000,4,288960
indep-ranks-rackwise-160rpr,rack,9,1600000,1000000000,4,176320
indep-ranks-rackwise-160rpr,rack,0,16000000,1000000000,4,903200
indep-ranks-rackwise-160rpr,rack,1,16000000,1000000000,4,903200
indep-ranks-rackwise-160rpr,rack,2,16000000,1000000000,4,1415200
indep-ranks-rackwise-160rpr,rack,3,16000000,1000000000,4,1188160
indep-ranks-rackwise-160rpr,rack,4,16000000,1000000000,4,1165120
indep-ranks-rackwise-160rpr,rack,5,16000000,1000000000,4,1161600
indep-ranks-rackwise-160rpr,rack,6,16000000,1000000000,4,1040960
indep-ranks-rackwise-160rpr,rack,7,16000000,1000000000,4,1252320
indep-ranks-rackwise-160rpr,rack,8,16000000,1000000000,4,1324000
indep-ranks-rackwise-160rpr,rack,9,16000000,1000000000,4,1176960
indep-ranks-rackwise-160rpr,rack,0,160000000,1000000000,4,3933600
indep-ranks-rackwise-160rpr,rack,1,160000000,1000000000,4,3933600
